series,episode,baker,result,technical,last_name,baker_age,baker_occupation,hometown,signature_bake,show_stopper
1,1,Annetha,IN,2,Mills,30,Midwife,Essex,Light Jamaican Black Cakewith Strawberries and Cream,"Red, White & Blue Chocolate Cake with Cigarellos, Fresh Fruit, and Cream"
1,1,David,IN,3,Chambers,31,Entrepreneur,Milton Keynes,Chocolate Orange Cake,"Black Forest Floor Gateauxwith Moulded Chocolate Leaves, Fallen Fruitand Chocolate Mushrooms Moulded from eggs"
1,1,Edd,IN,1,Kimber,24,Debt collector for Yorkshire Bank,Bradford,Caramel Cinnamon and Banana Cake,N/A
1,1,Jasminder,IN,NA,Randhawa,45,Assistant Credit Control Manager,Birmingham,Fresh Mango and Passion Fruit Hummingbird Cake,N/A
1,1,Jonathan,IN,9,Shepherd,25,Research Analyst,St Albans,Carrot Cake with Lime and Cream Cheese Icing,Three Tiered White and Dark Chocolate with Almond and Cherry
1,1,Lea,OUT,10,Harris,51,Retired,"Midlothian, Scotland",Cranberry and Pistachio Cakewith Orange Flower Water Icing,Raspberries and Cream filled Chocolatewith Chocolate-dipped Fresh Fruit
1,1,Louise,IN,NA,Brimelow,44,Police Officer,Manchester,Carrot and Orange Cake,"Never Fail Chocolate Sponge Cake,with Fresh Fruit, White & Chocolate Cigarello Border"
1,1,Mark,OUT,NA,Whithers,48,Bus Driver,South Wales,Sticky Marmalade Tea Loaf,Heart-shaped Chocolate and Beetroot Cake with Store-Bought silver chocolate hearts and chocolate red and white roses.
1,1,Miranda,IN,8,Browne,37,Food buyer for Marks & Spencer,"Midhurst, West Sussex","Triple Layered Brownie Meringue Cake
with Raspberry Cream",Three Tiered Chocolate Fudge Cake  with Handmade Chocolate Button Decorations
1,1,Ruth,IN,NA,Clemens,31,Retail manager/Housewife,"Poynton, Cheshire",Three Tiered Lemon Drizzle Cakewith Fresh Cream and freshly made Lemon Curd,Classic Chocolate Sponge wrapped in a Chocolate Collartopped with Handmade White and Dark Chocolate Truffles
1,2,Annetha,OUT,7,Mills,30,Midwife,Essex,Rose Petal Shortbread,Pink Swirl Macarons / Eclairs
1,2,David,IN,8,Chambers,31,Entrepreneur,Milton Keynes,Cheddar Cheese and Fresh Rosemary Biscuits,Choux Pastry Swans  Chocolate Profiteroles
1,2,Edd,IN,6,Kimber,24,Debt collector for Yorkshire Bank,Bradford,Oatmeal Raisin Cookie,Pink Macarons
1,2,Jasminder,IN,2,Randhawa,45,Assistant Credit Control Manager,Birmingham,Millionaires' Shortbread,Meringues with Chocolate and Space DustCoffee flavoured Eclairs
1,2,Jonathan,IN,1,Shepherd,25,Research Analyst,St Albans,Honey and Candied Ginger Cookies,Meringues with Whiskey Cream
1,2,Louise,OUT,4,Brimelow,44,Police Officer,Manchester,Stained Glass Window Shortbread,"Strawberry, Mint, and Cream Meringues  Chocolate Eclairs / Orange, Yellow and Pink Macarons"
1,2,Miranda,IN,3,Browne,37,Food buyer for Marks & Spencer,"Midhurst, West Sussex",Fresh Vanilla Biscuits with Royal Icing,Pistachio Macarons
1,2,Ruth,IN,5,Clemens,31,Retail manager/Housewife,"Poynton, Cheshire",Peanut Shortbread withSalted Peanut Caramel,Almond Macaron with Violet ButtercreamRaspberries and Cream Eclairs
1,3,David,IN,4,Chambers,31,Entrepreneur,Milton Keynes,Chilli Bread,"Walnut and Seed Roll
Red Berry and Almond Bun"
1,3,Edd,IN,1,Kimber,24,Debt collector for Yorkshire Bank,Bradford,Olive Bread,Tomato and Mozzarella
1,3,Jasminder,IN,5,Randhawa,45,Assistant Credit Control Manager,Birmingham,Focaccia,"Mango and Sultana Buns
Pan au Chocolat with Mars Bars
Tutti Frutti Wheel with Jelly Tots"
1,3,Jonathan,OUT,6,Shepherd,25,Research Analyst,St Albans,"Anchovy, Sweet Paprika and Oregano Bread","Sticky Lemon Honey Bun
Olive and Anchovy Roll
Sundried Tomatoes and Fresh Herbs Roll
Stilton, Walnut and Apple Roll
Cinnamon and Cardamom Chelsea Bun"
1,3,Miranda,IN,3,Browne,37,Food buyer for Marks & Spencer,"Midhurst, West Sussex",Walnut and Apricot Bread,"Lemon Iced Buns
Chocolate and Orange Buns"
1,3,Ruth,IN,2,Clemens,31,Retail manager/Housewife,"Poynton, Cheshire",Maple and Pecan Bread,"Chocolate and Orange Panettone
Cranberry Bagels"
1,4,David,OUT,5,Chambers,31,Entrepreneur,Milton Keynes,Pear and Walnut Pudding,"Apple and Blackberry Crumble, Rhubarb and Orange Betty, Suet Pear"
1,4,Edd,IN,3,Kimber,24,Debt collector for Yorkshire Bank,Bradford,Apple and Plum Pudding,"Apple and Cinnamon Crumble, Nutella Banana Brioche Bread Pudding, Rhubarb and Strawberry Suet Layer"
1,4,Jasminder,IN,2,Randhawa,45,Assistant Credit Control Manager,Birmingham,Sticky Toffee Pudding with Tropical Fruit & Toffee Sauce,"Bread & Butter Pudding, Treacle Suet Pudding with Fresh Fruit, Apple and Pineapple Crumble"
1,4,Miranda,IN,1,Browne,37,Food buyer for Marks & Spencer,"Midhurst, West Sussex",Sticky Toffee Pudding,"Queen of Puddings, Chocolate Pear Roly Poly, Strawberry and Rhubarb Crumble"
1,4,Ruth,IN,4,Clemens,31,Retail manager/Housewife,"Poynton, Cheshire",Peach and Blueberry Boy Bait,"Apple & Ginger Crumble, Rhubarb Suet Crust, Cherry Queen of Puddings"
1,5,Edd,IN,2,Kimber,24,Debt collector for Yorkshire Bank,Bradford,"Chicken, Ham, Leek and Tarragon Pie","Almond Sweet Pastry with Ginger and Chocolate  Raspberry Tart / Yorkshire Curd Tart  Chickpea and Salami, Red and Yellow Pepper, Asparagus Gruyere Quiche Canapés"
1,5,Jasminder,OUT,4,Randhawa,45,Assistant Credit Control Manager,Birmingham,Chicken and Mushroom Pie,"Jaggery, Carrot, and Spiced Condensed Milk Tart  Fruit and Custard Tart  Thai Chili Red Onion, Duck in Plum Sauce, Salmon and Prawn Canapés"
1,5,Miranda,IN,1,Browne,37,Food buyer for Marks & Spencer,"Midhurst, West Sussex","Summery Salmon, Cod and Prawn Fish Pie","Chocolate Pastry filled with Orange Cheesecake  Chocolate Pastry filled with Milk Chocolate Ganche  Strawberry Tart with Red Currant Glaze  Cheesy Crab, Broad Bean and Tomato, Pancetta Risotto Canapés"
1,5,Ruth,IN,3,Clemens,31,Retail manager/Housewife,"Poynton, Cheshire",Minced Beef Pie,"Raspberry and Dark Chocolate Tart  Creme Patisserie and Cherry Tart  Citrus Curd Tart with Creme Brulee top  Tomato, Asparagus Twirl Canapés"
1,6,Edd,WINNER,NA,Kimber,24,Debt collector for Yorkshire Bank,Bradford,Cinnamon and Banana Cake,NA
1,6,Miranda,Runner-up,NA,Browne,37,Food buyer for Marks & Spencer,"Midhurst, West Sussex",Lemon Cupcake,Eliminated after signature
1,6,Ruth,Runner-up,NA,Clemens,31,Retail manager/Housewife,"Poynton, Cheshire","Mint, Ginger and Blackberry Cake",NA
2,1,Ben,IN,2,Frazer,31,Graphic Designer,Northampton,Rhubarb and Custard CupcakesAfter Dinner Cupcakes,Vanilla Sponge with White Chocolate and Raspberry Buttercream
2,1,Holly,STAR BAKER,1,Bell,31,Advertising executive,Leicester,Cherry Bakewell Inspired CupcakesGinger Cupcakes with Fig Truffle,UNKNOWN
2,1,Ian,IN,10,Vallance,40,Fundraiser for English Heritage,"Dunstable, Bedfordshire",Apple and Cinnamon Cupcakes,UNKNOWN
2,1,Janet,IN,8,Basu,63,Teacher of Modern Languages,"Formby, Liverpool",Raspberry and Cream Cupcakes,Chocolate Marble Cakewith Dark and White Chocolate Truffles
2,1,Jason,IN,6,White,19,Civil Engineering Student,Croydon,Lemon Meringue CupcakesApple and Cinnamon Cupcakes,UNKNOWN
2,1,Jo,IN,11,Wheatley,41,Housewife,"Ongar, Essex",Chocolate Orange CupcakesOrange and Cardamom Cupcakes,Chocolate and Strawberry Cake
2,1,Keith,OUT,12,Batsford,31,House husband,"Arlesey, Bedfordshire",Earl Grey Cupcakes,Chocolate and Sour Cream Cake
2,1,Mary-Anne,IN,4,Boermans,45,Housewife,"Kidderminster, Worcestershire",Banoffee Cupcakes,Chocolate and Raspberry Opera cake
2,1,Robert,IN,3,Billington,25,Photographer,London,Blackberry and Vanilla Cupcakeswith Liquorice Frosting,Genoise Layered Mousse Cakewith Chocolate Ganache
2,1,Simon,IN,9,Blackwell,31,Rugby Coach,Norfolk,Guinness and Chocolate Cupcakes,Two-Tiered Chocolate Courgette Cake
2,1,Urvashi,IN,7,Roe,40,Head of Marketing,"Enfield, London",Cherry Blossom CupcakesJapanese Lime Cupcakes,UNKNOWN
2,1,Yasmin,IN,5,Limbert,43,Childminder,"West Kirby, The Wirral",Cardamom and Pomegranate Cupcakes,UNKNOWN
2,2,Ben,IN,1,Frazer,31,Graphic Designer,Northampton,"Chorizo, Pepper and Gruyere Quiche",Lemon Meringue Tarts
2,2,Holly,IN,4,Bell,31,Advertising executive,Leicester,Pesto Quiche,Milk Chocolate and Pistachio TartsTrifle Tarts
2,2,Ian,IN,2,Vallance,40,Fundraiser for English Heritage,"Dunstable, Bedfordshire","Stilton, Spinach and New Potato Quichewith Paprika and Walnut Pastry",UNKNOWN
2,2,Janet,IN,8,Basu,63,Teacher of Modern Languages,"Formby, Liverpool",Quiche Printanière,Red Fruit TartsChocolate and Cherry Tarts
2,2,Jason,STAR BAKER,3,White,19,Civil Engineering Student,Croydon,Salmon and Pak Choi Quiche,Mint Chocolate Tarts Blueberry Bakewell Tarts
2,2,Jo,IN,10,Wheatley,41,Housewife,"Ongar, Essex","Caramelised Onion, Gruyere and Thyme Quiche",Raspberry and Mascarpone Tarts with Lemon and Almond PastryHoney and Almond Tarts with Sweetcrust
2,2,Mary-Anne,IN,9,Boermans,45,Housewife,"Kidderminster, Worcestershire","Roasted Cauliflower, Cheese andCaramelised Onion Quiche",Butterscotch Brulée Tarts in Pecan PastryApple Rose Tarts
2,2,Robert,IN,5,Billington,25,Photographer,London,Smoked Bacon and Kale Quiche,"Chocolate, Fennel and Ginger TartAlmond, Creme Patissiere and Poached Pear Tart"
2,2,Simon,OUT,11,Blackwell,31,Rugby Coach,Norfolk,Smoked Haddock and Watercress Quiche,"Passion Fruit and Ricotta TartsSalted Chocolate, Stem Ginger and Mascarpone Cream Tarts"
2,2,Urvashi,IN,7,Roe,40,Head of Marketing,"Enfield, London","Crab, Coriander and Coconut Quiche",Strawberry and Basil TartsElderflower and Honeycomb Tarts
2,2,Yasmin,IN,6,Limbert,43,Childminder,"West Kirby, The Wirral",Smoked Haddock and Watercress Quiche,Chocolate and Orange with Cinnamon-Orange Pastry TartsBlueberry and Hazelnut with Hazelnut Pastry Tarts
2,3,Ben,IN,3,Frazer,31,Graphic Designer,Northampton,"Walnut, Raisin and Rosemary Loaf",UNKNOWN
2,3,Holly,IN,6,Bell,31,Advertising executive,Leicester,Picnic Loaf,Stilton and Walnut Rolls
2,3,Ian,OUT,10,Vallance,40,Fundraiser for English Heritage,"Dunstable, Bedfordshire","Courgette, Caerphilly Cheese and Thyme Loaf",Walnut and Raisin RollsCracked Wheat Logs
2,3,Janet,IN,8,Basu,63,Teacher of Modern Languages,"Formby, Liverpool",Zupfe Loaf with Gruyère Cheese,Apple and Walnut Granary Rolls Red Onion Cottage Rolls
2,3,Jason,IN,7,White,19,Civil Engineering Student,Croydon,Cheese and Onion Tear and Share Loaf,UNKNOWN
2,3,Jo,IN,1,Wheatley,41,Housewife,"Ongar, Essex","Stromboli flavored with Mozzarella, Ham, and Picante Pepper",Unknown
2,3,Mary-Anne,IN,5,Boermans,45,Housewife,"Kidderminster, Worcestershire",Ploughman's Loaf,Herb and Walnut BreadsChocolate and Chilli Buns
2,3,Robert,IN,4,Billington,25,Photographer,London,Rye and Coriander Seed Loaf,Blueberry Brioche RollsLemon and Poppy Seed Rolls
2,3,Urvashi,OUT,9,Roe,40,Head of Marketing,"Enfield, London",Salt and Peppercorn Loaf,Chilli and Halloumi RollsLemon and Coriander Mini Loaves
2,3,Yasmin,STAR BAKER,2,Limbert,43,Childminder,"West Kirby, The Wirral",Egyptian Dukkah Loaf with Mixed Spices,"Pesto Bread
Sweet Coconut Rolls"
2,4,Ben,OUT,5,Frazer,31,Graphic Designer,Northampton,Stem Ginger Nuts,Chocolate and Almond MacaronsPine Nut MacaronsPistachio Macarons
2,4,Holly,STAR BAKER,3,Bell,31,Advertising executive,Leicester,Strawberry and Custard Melts,"'Chocolate bars of my youth'
(Caramel Macarons, Mint Chocolate Macarons and Chocolate Orange Macarons)"
2,4,Janet,IN,4,Basu,63,Teacher of Modern Languages,"Formby, Liverpool",Christmas Marzipan Biscuits,"Raspberry Macarons
Blackcurrant Macarons
Almond Macarons"
2,4,Jason,STAR BAKER,1,White,19,Civil Engineering Student,Croydon,Lebkuchen,"Mocktail Macarons
(Mojito, Cranberry Cooler, and Pina Colada)"
2,4,Jo,IN,8,Wheatley,41,Housewife,"Ongar, Essex",Lavender Biscuits,Blueberry MacaronsCoconut MacaronsStrawberry Macarons
2,4,Mary-Anne,IN,2,Boermans,45,Housewife,"Kidderminster, Worcestershire",Melting Moments,Blackcurrant and Mint MacaronsGooseberry and Elderflower MacaronsHazelnut Macarons
2,4,Robert,IN,7,Billington,25,Photographer,London,Chocolate and Ginger Oat Biscuits,Strawberry and Lime MacaronsLemon MacaronsChocolate and Cardamom Macarons
2,4,Yasmin,IN,6,Limbert,43,Childminder,"West Kirby, The Wirral",Chocolate Chip and Pistachio Biscotti,Chocolate and Lime MacaronsCoffee and Walnut MacaronsPineapple and Coconut Macarons
2,5,Holly,IN,4,Bell,31,Advertising executive,Leicester,"Stilton, Potato and Caramelised Onion Pie",Lime Meringue Pie
2,5,Janet,STAR BAKER,1,Basu,63,Teacher of Modern Languages,"Formby, Liverpool",Chicken and Chestnut Pie,Rhubarb Meringue Pie
2,5,Jason,OUT,7,White,19,Civil Engineering Student,Croydon,Brown Down Chicken Pie,Plum Meringue Pie
2,5,Jo,IN,6,Wheatley,41,Housewife,"Ongar, Essex",Salmon and Asparagus Pie,Apple and Raspberry Meringue Pie
2,5,Mary-Anne,IN,2,Boermans,45,Housewife,"Kidderminster, Worcestershire",Chicken and Bacon Pie,Midnight Meringue
2,5,Robert,OUT,3,Billington,25,Photographer,London,Chicken and Mushroom Pie,Rhubarb and Custard Meringue Pie
2,5,Yasmin,IN,5,Limbert,43,Childminder,"West Kirby, The Wirral",Family Fish Pie,Peach and Raspberry Meringue Pie
2,6,Holly,IN,3,Bell,31,Advertising executive,Leicester,Father Christmas' Baked Cheesecake,Hansel and Gretel's Croquembouche
2,6,Janet,IN,5,Basu,63,Teacher of Modern Languages,"Formby, Liverpool",Rhubarb and Ginger Baked Cheesecake,Orange and Nougatine Croquembouche
2,6,Jo,STAR BAKER,1,Wheatley,41,Housewife,"Ongar, Essex",Rum and Raisin Baked Cheesecake,Limoncello and White Chocolate Croquembouche
2,6,Mary-Anne,IN,4,Boermans,45,Housewife,"Kidderminster, Worcestershire",Tutti Fruitti Curd Baked Cheesecake,Orange and Praline Croquembouche with Cardamom Caramel
2,6,Yasmin,OUT,2,Limbert,43,Childminder,"West Kirby, The Wirral",Baked Amaretto Cheesecake,Rose Croquembouche
2,7,Holly,IN,1,Bell,31,Advertising executive,Leicester,"White Chocolate, Hazelnut and Raspberry Genoise Mousse Cake","Apricot, Macadamia and White Chocolate PinwheelsAlmond CroissantsApple, Raisin and Cinnamon Plaits"
2,7,Janet,OUT,4,Basu,63,Teacher of Modern Languages,"Formby, Liverpool",Chocolate Amaretto Mousse Cake,Pain Aux RaisinPlain CroissantPain Au Chocolat
2,7,Jo,IN,3,Wheatley,41,Housewife,"Ongar, Essex",Raspberry & Strawberry Mousse Cake,Pain Aux RaisinChocolate TwistsBanana and Raisin Pastries
2,7,Mary-Anne,IN,2,Boermans,45,Housewife,"Kidderminster, Worcestershire",Chocolate and Orange Mousse Cake,Raspberry Rose DanishesPraline SpiralsAlsatian Plaited Danishes
2,8,Holly,Runner-up,2,Bell,31,Advertising executive,Leicester,Banoffee Inspired Mille Feuille,Strawberry and Cream Meringue NestGooseberry and Elderflower 'Bakewell' TartsNeapolitan Ice-Cream Sandwich
2,8,Jo,WINNER,1,Wheatley,41,Housewife,"Ongar, Essex",Raspberry and Blueberry Mille Feuille,"Mini Victoria SandwichesRaspberry, White Chocolate and Pistachio Mini MeringuesMini Banoffee Pie with Banana Mousse"
2,8,Mary-Anne,Runner-up,3,Boermans,45,Housewife,"Kidderminster, Worcestershire",Lemon and Ginger Mille Feuille,Fruit Tarts with Elderflower CustardStrawberry and Rhubarb CheesecakesBlack Fruit Meringue with Everlasting Syllabub
3,1,Brendan,IN,10,Lynch,63,Recruitment consultant,Sutton Coldfield,"Plum, Sour Cherry & Walnut",UNKNOWN
3,1,Cathryn,IN,5,Dresser,27,Shop assistant,"Pease Pottage, West Sussex","Apple, Hazelnut and Calvados",Hidden Cupcake Cake
3,1,Danny,IN,7,Bryden,45,Intensive care consultant,Sheffield,"Plum, Ginger & Orange",UNKNOWN
3,1,James,IN,2,Morton,21,Medical student,"Hillswick, Shetland Islands","Parsnip, Pear, and Pecan","""Simmer Dim"" Sunset Cake"
3,1,John,IN,11,Whaite,22,Law student,Wigan,"Toffee Apple, Orange & Cranberry",Hidden Pink Hearts Cake
3,1,Manisha,IN,6,Parmar,27,Nursery nurse,Leicester,"Vanilla, Peach and Raspberry",White Chocolate Cake with a Red Velvet and White Chocolate Mousse Heart
3,1,Natasha,OUT,12,Stringer,36,Midwife,"Tamworth, Staffordshire",Pineapple & Passion Fruit,Mother's Day Layered Rose Cake
3,1,Peter,IN,3,Maloney,43,Sales manager,"Windsor, Berkshire","Pear, Muscat & Chocolate",Jubilee Cake
3,1,Ryan,IN,8,Chong,38,Photographer,Bristol,Kumquat and Orange Polenta,Hidden Flowerbed Mousse Cake
3,1,Sarah-Jane,IN,1,Willis,28,Vicar's wife,"Bewbush, West Sussex","Pear, Chocolate and Hazelnut",Hidden Crown Cake
3,1,Stuart,IN,9,Marston-Smith,26,PE teacher,"Lichfield, Staffordshire",Tomato and Ginger,Lemon and Pistachio Union Flag Cake
3,1,Victoria,STAR BAKER,4,Chester,50,CEO of the charity Plantlife,Somerset,Pear and Pecan,Blackbird Pie Cake
3,2,Brendan,IN,4,Lynch,63,Recruitment consultant,Sutton Coldfield,Middle Eastern Taboon BreadIndian Rotis,"Chocolate and Vanilla Bagels
Cumin and Gruyere Bagels"
3,2,Cathryn,IN,8,Dresser,27,Shop assistant,"Pease Pottage, West Sussex","Spiced Mango NaanLime, Coriander and Chilli Tortillas","Cranberry and Orange Bagels
Chipotle, Chili, and Smoked Cheddar Bagels"
3,2,Danny,IN,3,Bryden,45,Intensive care consultant,Sheffield,Lime Coriander and Coconut TortillasZaatar Naan with Dukkah,UNKNOWN
3,2,James,IN,2,Morton,21,Medical student,"Hillswick, Shetland Islands","Tomato, Garlic, and Parmesan FlatbreadsTattie Scones","Orange, Mint and Chocolate Bagels
'Millers' Sourdough Bagels"
3,2,John,STAR BAKER,1,Whaite,22,Law student,Wigan,"Coriander and Chilli RotisGarlic, Pomegranate and Potato Pitas","Fig, Walnut and Gruyere Bagels
Blueberry and White Chocolate Bagels"
3,2,Manisha,IN,6,Parmar,27,Nursery nurse,Leicester,Indian FlatbreadsItalian Flatbreads,UNKNOWN
3,2,Peter,OUT,11,Maloney,43,Sales manager,"Windsor, Berkshire",Fennel and Nigella Seed NaanBannock Bread,"Rosemary and Sea Salt Bagels
Apple and Cinnamon Bagels"
3,2,Ryan,IN,5,Chong,38,Photographer,Bristol,Shanghai Spring Onion FlatbreadsGarlic and Coriander Naan,"Cinnamon and Date Bagels
Tarragon and Rosemary Bagels"
3,2,Sarah-Jane,IN,10,Willis,28,Vicar's wife,"Bewbush, West Sussex",Toasted Coconut and Lime RotisOatcakes,UNKNOWN
3,2,Stuart,IN,9,Marston-Smith,26,PE teacher,"Lichfield, Staffordshire",Bombay BreadChorizo and Spring Onion Naan,"Cinnamon and Cranberry Bagels
Tomato and Thyme Bagels"
3,2,Victoria,IN,7,Chester,50,CEO of the charity Plantlife,Somerset,Coriander and Lemon NaanGarlic and Parsnip Chapatis,"Saffron and Golden Raisin Bagels
Porcini Bagels"
3,3,Brendan,IN,9,Lynch,63,Recruitment consultant,Sutton Coldfield,Apple and Ginger Tarte Tatin,"Blackberry, Nectarine and Dragon Fruit Tart"
3,3,Cathryn,IN,3,Dresser,27,Shop assistant,"Pease Pottage, West Sussex","Plum, Cherry and Five Spice Tarte Tatin","Raspberry, Pistachio and Lemon Tart"
3,3,Danny,IN,2,Bryden,45,Intensive care consultant,Sheffield,Savoury Pear and Roquefort Tarte Tatin,"Pineapple, Coconut and Frangipane Tart"
3,3,James,STAR BAKER,1,Morton,21,Medical student,"Hillswick, Shetland Islands",Apple and Lavender Tarte Tatin,"Rose, Lychee and Raspberry Fruit Tart"
3,3,John,IN,6,Whaite,22,Law student,Wigan,Apple and Vanilla Tarte Tatin with Walnut Praline,"Berries, Grapes, Pomegranate, and Dragon Fruit Tart"
3,3,Manisha,IN,10,Parmar,27,Nursery nurse,Leicester,"Cinnamon, Apple and Pear Tarte Tatin",Rum and Tropical Fruit Tart
3,3,Ryan,IN,5,Chong,38,Photographer,Bristol,Spiced Pear Tarte Tatin,UNKNOWN
3,3,Sarah-Jane,IN,8,Willis,28,Vicar's wife,"Bewbush, West Sussex",Caramelised Banana Tarte Tatin,French Apple Tart with Blackberry and Cassis Jam
3,3,Stuart,IN,7,Marston-Smith,26,PE teacher,"Lichfield, Staffordshire",Pear and Almond Tarte Tatin,Raspberry Triple Chocolate Layered Tart
3,3,Victoria,OUT,4,Chester,50,CEO of the charity Plantlife,Somerset,"Fig, Walnut and Pink Peppercorn Tarte Tatin",Tropical Fruit Tart with Black Pepper Crust
3,4,Brendan,STAR BAKER,1,Lynch,63,Recruitment consultant,Sutton Coldfield,Clementine and Chestnut Torte,"Pear, Chocolate and Hazelnut Dacquoise"
3,4,Cathryn,IN,3,Dresser,27,Shop assistant,"Pease Pottage, West Sussex","White Chocolate, Macadamia and Coffee Torte","Gooseberry, Almond and Honey Meringue"
3,4,Danny,IN,2,Bryden,45,Intensive care consultant,Sheffield,"Blackberry, White Chocolate, Lemon and Elderflower Torte","'Monte Bianco' Chestnut, Chocolate and Coffee Dacquoise"
3,4,James,IN,5,Morton,21,Medical student,"Hillswick, Shetland Islands","Hazelnut, Chocolate and Passionfruit Torte","Fig, Chestnut, Cherry and Chocolate Layered Meringue"
3,4,John,IN,6,Whaite,22,Law student,Wigan,'Torte Noir' Black Forest Torte with Boozy Cream,Elderflower and Bramble Berry Pavlova
3,4,Manisha,IN,9,Parmar,27,Nursery nurse,Leicester,"Almond, Chocolate and Cherry Torte",Tiramisu Layered Meringue Dessert
3,4,Ryan,IN,7,Chong,38,Photographer,Bristol,Green Tea Opera Torte,"Strawberry, Rose and Pistachio Meringue"
3,4,Sarah-Jane,IN,4,Willis,28,Vicar's wife,"Bewbush, West Sussex",Chocolate and Almond Truffle Torte,Hazelnut Tiramisu Layered Meringue
3,4,Stuart,OUT,8,Marston-Smith,26,PE teacher,"Lichfield, Staffordshire",Black Forest Torte,Choca Blocka Mocha Meringue
3,5,Brendan,IN,3,Lynch,63,Recruitment consultant,Sutton Coldfield,Salmon Coulibiac in a Scandinavian Pastry,All American Chiffon Pie
3,5,Cathryn,IN,1,Dresser,27,Shop assistant,"Pease Pottage, West Sussex",Full English Wellington,Chocolate and Peanut Butter Pumpkin Pie
3,5,Danny,IN,7,Bryden,45,Intensive care consultant,Sheffield,"Chickpea, Spinach & Mushroom Wellington",Trick or Treat Pumpkin Pie
3,5,James,IN,6,Morton,21,Medical student,"Hillswick, Shetland Islands",Four Pig Wellington,Sweet Potato Pie
3,5,John,IN,2,Whaite,22,Law student,Wigan,Venison and Haggis Wellington,Star-Spangled Pecan Pie
3,5,Manisha,OUT,5,Parmar,27,Nursery nurse,Leicester,Lamb Wellington with Rosemary and Mint,Banana Scotch Pie
3,5,Ryan,STAR BAKER,8,Chong,38,Photographer,Bristol,Curry Spiced Seabass Wellington,Key Lime Pie
3,5,Sarah-Jane,IN,4,Willis,28,Vicar's wife,"Bewbush, West Sussex",Beef Wellington with Parma Ham and Gorgonzola Cheese,Chocolate and Banana Cream Pie
3,6,Brendan,STAR BAKER,1,Lynch,63,Recruitment consultant,Sutton Coldfield,"Rhubarb, Strawberry and Ginger Puddings
Sticky Toffee Puddings","Spinach, Cheese and Walnut Strudel"
3,6,Cathryn,IN,3,Dresser,27,Shop assistant,"Pease Pottage, West Sussex","Chocolate Walnut Whip Puddings
Elderflower Sponges",Roasted Vegetable Couscous and Sheep Cheese Strudel
3,6,Danny,IN,2,Bryden,45,Intensive care consultant,Sheffield,Banoffee Puddings with Walnut Butterscotch SauceJubilee Chocolate Fondants,"Leek, Potato, Pistachio and Gruyère Strudel"
3,6,James,IN,7,Morton,21,Medical student,"Hillswick, Shetland Islands",Banana and Clove PuddingsClootie Dumplings,"Strawberry, Rhubarb and Ginger Strudel"
3,6,John,IN,5,Whaite,22,Law student,Wigan,Spicy Toffee PuddingsRaspberry and White Chocolate Puddings,Did not complete due to injury
3,6,Ryan,IN,6,Chong,38,Photographer,Bristol,Chocolate FondantsSticky Ginger and Date Puddings,"Apple, Sour Cherry, Raisin and Mixed Nuts Strudel"
3,6,Sarah-Jane,IN,4,Willis,28,Vicar's wife,"Bewbush, West Sussex",Sticky Toffee PuddingsGranny's Saucy Lemon Puddings,Sweet Strudel with Sour Cherries
3,7,Brendan,IN,4,Lynch,63,Recruitment consultant,Sutton Coldfield,Chelsea Bunskis,Black Forest Christmas Stollen
3,7,Cathryn,IN,5,Dresser,27,Shop assistant,"Pease Pottage, West Sussex",Lady Arundel's Manchet Buns,Bonfire Night Tear 'n' Share Brioche
3,7,Danny,STAR BAKER,2,Bryden,45,Intensive care consultant,Sheffield,Bakewell Chelsea Buns,European Christmas Wreath
3,7,James,IN,1,Morton,21,Medical student,"Hillswick, Shetland Islands",Easter Chelsea Buns,Whisky Kugelhopf-Brioche Baba
3,7,John,IN,3,Whaite,22,Law student,Wigan,Cherry and Almond Saffron Buns,Marzipan Stollen
3,7,Ryan,OUT,6,Chong,38,Photographer,Bristol,Lardy Cakes,Char Siu Bao
3,7,Sarah-Jane,OUT,7,Willis,28,Vicar's wife,"Bewbush, West Sussex","Orange, Nutmeg and Saffron Buns",Sour Cherry and Dark Chocolate Christmas Plait
3,8,Brendan,IN,2,Lynch,63,Recruitment consultant,Sutton Coldfield,Multi-Seed Savoury Crackers,Fantasy Gingerbread Bird House
3,8,Cathryn,OUT,5,Dresser,27,Shop assistant,"Pease Pottage, West Sussex",Cheese and Pickle Crackers,Gingerbread Buckingham Palace
3,8,Danny,IN,4,Bryden,45,Intensive care consultant,Sheffield,Spiced Almond Drinks Crackers,Gingerbread Big Ben
3,8,James,STAR BAKER,1,Morton,21,Medical student,"Hillswick, Shetland Islands","Smoky Cayenne, Cumin and Chilli Crackers",Gingerbread Barn
3,8,John,IN,3,Whaite,22,Law student,Wigan,Asian Spice Crackers,Gingerbread Roman Coliseum
3,9,Brendan,IN,3,Lynch,63,Recruitment consultant,Sutton Coldfield,Coffee Meringue and Hazelnut CreamsApricot and Pistachio FriandsLime Curd Choux Pastry Cygnets,Gateau St. Honoré
3,9,Danny,OUT,4,Bryden,45,Intensive care consultant,Sheffield,Blackberry and Peppermint MacaroonsMiniature Raspberry and Basil FinanciersOrange and White Chocolate Langues de Chat,Rosewater and Lychee St. Honoré
3,9,James,STAR BAKER,1,Morton,21,Medical student,"Hillswick, Shetland Islands","Lemon and Rhubarb TartletsChocolate Indulgence Petits FoursChilli, Lime and Raspberry Macaroons","Coffee, Caramel and Hazelnut Paris-Brest"
3,9,John,IN,2,Whaite,22,Law student,Wigan,Lemon MadeleinesWhite Chocolate and Raspberry TartletsDark Chocolate and Cherry Macaroons,Gateau St. Honoré a la Passion
3,10,Brendan,Runner-up,2,Lynch,63,Recruitment consultant,Sutton Coldfield,Potato and Pepper Pithivier,Family Reunion Chiffon Cake
3,10,James,Runner-up,1,Morton,21,Medical student,"Hillswick, Shetland Islands",Spanish Pithivier with Chorizo and Red Pepper,United Chiffon Cakes
3,10,John,WINNER,2,Whaite,22,Law student,Wigan,Italian Sausage and Roasted Vegetable Pithivier,Heaven and Hell Chiffon Cake
4,1,Ali,IN,11,Imdad,25,Charity worker,"Saltley, Birmingham",Rose and Pistachio Cake,"Chocolate, Raspberry and Passion Fruit Engagement Cake"
4,1,Beca,IN,8,Lyne-Pirkis,31,Military Wives' Choir Singer,"Aldershot, Hampshire",Grapefruit Sandwich Cake,Chocolate Cherry Indulgence
4,1,Christine,IN,3,Wallace,66,Director of an engraving company,"Didcot, Oxfordshire","Strawberry, Vanilla and Rosewater Summer Basket",Chocolate and Orange 'Fripperous' Hat Cake
4,1,Deborah,IN,9,Manger,51,Dentist,Peterborough,Pineapple Cake,'Coffee Time'
4,1,Frances,IN,7,Quinn,31,Children's Clothes Designer,"Market Harborough, Leicestershire",Giant Jam Sandwich,Secret Squirrel Cake
4,1,Glenn,IN,4,Cosby,37,English Teacher,"Teignmouth, Devon",Strawberries and Cream Cake,Almond and Espresso Chocolate Cake
4,1,Howard,IN,6,Middleton,51,Council Worker,Sheffield,Passion Fruit and Coconut Cake,Black Forest Revisited
4,1,Kimberley,IN,10,Wilson,30,Psychologist,London,Blood Orange Cake,"Chocolate, Raspberry & Basil Layer Cake"
4,1,Lucy,IN,2,Bellamy,38,Horticulturist,"Grimsby, Lincolnshire",Timperley Early Cake,Thyme 'Wildwood' Cake
4,1,Mark,IN,5,Onley,37,Carpenter and Kitchen Fitter,Milton Keynes,Lemon and Poppy Seed Cake,Chocolate Monster
4,1,Robert,STAR BAKER,1,Smart,54,Space Satellite Designer,"Melbourn, Cambridgeshire",Pecan and Apple Cake,Raspberry Chocolate Cake
4,1,Ruby,IN,12,Tandoh,20,History of Art and Philosophy Student,"Southend, Essex",Rhubarb and Custard Sandwich Cake,Chocolate and Ginger Night Sky Cake
4,1,Toby,OUT,13,Waterworth,30,Web Programmer,"Reading, Berkshire",Spiced and Iced Carrot Cake,Two Tiered Chocolate Cake
4,2,Ali,IN,9,Imdad,25,Charity worker,"Saltley, Birmingham",Italian Grissini,Sweet and Savoury Yin Yang Bread
4,2,Beca,IN,11,Lyne-Pirkis,31,Military Wives' Choir Singer,"Aldershot, Hampshire",Fennel and Chilli Breadsticks,Five Strand Christmas Wreath
4,2,Christine,IN,4,Wallace,66,Director of an engraving company,"Didcot, Oxfordshire",Mediterranean Breadsticks with Oregano,Double Plaited Loaf
4,2,Deborah,IN,8,Manger,51,Dentist,Peterborough,Fennel & Chilli Breadsticks,Walnut Fleur Loaf
4,2,Frances,IN,2,Quinn,31,Children's Clothes Designer,"Market Harborough, Leicestershire",Giant Matchsticks,Sailor's Knot
4,2,Glenn,IN,7,Cosby,37,English Teacher,"Teignmouth, Devon",Rosemary and Parmesan Grissini,Harvest Crown
4,2,Howard,IN,10,Middleton,51,Council Worker,Sheffield,Moroccan Breadsticks,Picasso Sun Bread
4,2,Kimberley,IN,1,Wilson,30,Psychologist,London,Nigella Seed and Parmesan Breadsticks,Peace Bread
4,2,Lucy,OUT,12,Bellamy,38,Horticulturist,"Grimsby, Lincolnshire",Grissini with Salt,Roast Tomato Bread
4,2,Mark,IN,6,Onley,37,Carpenter and Kitchen Fitter,Milton Keynes,Rosemary & Raisin Breadsticks,Sage & Garlic Plait
4,2,Robert,IN,5,Smart,54,Space Satellite Designer,"Melbourn, Cambridgeshire",Twisty Rye Bread Sticks,Tribute Loaf
4,2,Ruby,STAR BAKER,3,Tandoh,20,History of Art and Philosophy Student,"Southend, Essex",Mexican Breadsticks,White Chocolate and Orange Peacock Bread
4,3,Ali,IN,5,Imdad,25,Charity worker,"Saltley, Birmingham","Coconut, Raspberry and Lemon Meringue Trifle",Vanilla Latte Mini CakesLime & Mint Shortbread Pops
4,3,Beca,IN,10,Lyne-Pirkis,31,Military Wives' Choir Singer,"Aldershot, Hampshire",Orange and Ginger Trifle,Limoncello and Blueberry BurstsMillionaire Shortbread
4,3,Christine,STAR BAKER,4,Wallace,66,Director of an engraving company,"Didcot, Oxfordshire",Caribbean Pina Colada Trifle,Ninety-NinersSachertorte Parcels
4,3,Deborah,OUT,9,Manger,51,Dentist,Peterborough,Tropical Trifle*,Canelé Cherry and Chocolate CakesRose Cookies
4,3,Frances,IN,8,Quinn,31,Children's Clothes Designer,"Market Harborough, Leicestershire",Apple and Blackberry Crumble Trifle,'Ballet Bites' Ginger NutcrackersSugar Plum Fairy Cakes
4,3,Glenn,IN,1,Cosby,37,English Teacher,"Teignmouth, Devon",Raspberry and Almond Trifle,Billionaire BouchéesOrange Financiers
4,3,Howard,IN,7,Middleton,51,Council Worker,Sheffield,Caramel and Apple Trifle*,Black Coffee and Cardamom CakesWhite Stilton and Pear Biscuits
4,3,Kimberley,IN,6,Wilson,30,Psychologist,London,"Peach, Almond and Ginger Trifle",Chocolate Pistachio FinanciersLemon Bergamot Biscuits
4,3,Mark,OUT,11,Onley,37,Carpenter and Kitchen Fitter,Milton Keynes,"Ginger, Mango and Passion Fruit Trifle",Rose and Pistachio MacaroonsChocolate and Raspberry Bites
4,3,Robert,IN,2,Smart,54,Space Satellite Designer,"Melbourn, Cambridgeshire",Rhubarb and Orange Trifle,Almond FriandsTurǫn Macaroons
4,3,Ruby,IN,3,Tandoh,20,History of Art and Philosophy Student,"Southend, Essex",Desert Island Trifle,Lemon Shortbread and White Chocolate SeashellsBlackberry and Chocolate Layer Cakes
4,4,Ali,OUT,8,Imdad,25,Charity worker,"Saltley, Birmingham",Apple and Ginger Pie with a Pecan and Walnut Shortcrust Pastry,"Orange, Cardamom and Date M'Hanncha"
4,4,Beca,IN,2,Lyne-Pirkis,31,Military Wives' Choir Singer,"Aldershot, Hampshire",Mamgu's Cherry-Apple Tart,Moroccan Vegetable Filo Feast
4,4,Christine,IN,7,Wallace,66,Director of an engraving company,"Didcot, Oxfordshire","Granny Rogers' Apple, Plum & Cinnamon Country Pie",Roasted Vegetable Filo Pie with Feta Cheese
4,4,Frances,IN,1,Quinn,31,Children's Clothes Designer,"Market Harborough, Leicestershire",Peach Pie In the Sky,Cherry Tree Baklava Filo Pie
4,4,Glenn,IN,9,Cosby,37,English Teacher,"Teignmouth, Devon",Apple & Maple Syrup Pie,Spanakopita (Walnut and Feta Cheese)
4,4,Howard,IN,5,Middleton,51,Council Worker,Sheffield,Apple Pie with Sage Pastry,Fresh Fig and Feta Filo Flan
4,4,Kimberley,STAR BAKER,4,Wilson,30,Psychologist,London,Pecan and Rosemary Caramel Apple Pie,"Chicken, Bacon and Butternut Squash Pie"
4,4,Robert,IN,3,Smart,54,Space Satellite Designer,"Melbourn, Cambridgeshire",Apple and Pear Pie with Thyme,Spanakopita with St George's Mushrooms
4,4,Ruby,IN,6,Tandoh,20,History of Art and Philosophy Student,"Southend, Essex",Apple and Marzipan Pie,"Rose, Almond and Raspberry Filo Pie"
4,5,Beca,IN,5,Lyne-Pirkis,31,Military Wives' Choir Singer,"Aldershot, Hampshire","Chocolate, Cherry and Hazelnut Brownies",Tiered Macaron and Sugar Dough Biscuit Centrepiece
4,5,Christine,STAR BAKER,1,Wallace,66,Director of an engraving company,"Didcot, Oxfordshire",Mixed Berry and Almond Crumble Traybake,Shortbread Bavarian Clock Tower
4,5,Frances,IN,3,Quinn,31,Children's Clothes Designer,"Market Harborough, Leicestershire",Millionaire Banoffee Bonus,Biscuit Buttons and Beads
4,5,Glenn,IN,2,Cosby,37,English Teacher,"Teignmouth, Devon",Apricot and Pistachio Tiffin,Shortbread and Macaron Helter-Skelter
4,5,Howard,IN,8,Middleton,51,Council Worker,Sheffield,Breakfast Traybake,Japanese Pagoda Tea Tower
4,5,Kimberley,IN,7,Wilson,30,Psychologist,London,Cherry and Almond Bakewell Florentine Slice,Black and White Viennese Biscuit Stack
4,5,Robert,OUT,4,Smart,54,Space Satellite Designer,"Melbourn, Cambridgeshire",Blueberry & Orange Traybake,Dalek
4,5,Ruby,IN,6,Tandoh,20,History of Art and Philosophy Student,"Southend, Essex",Blackberry and Lemon Bakewell Slice,'Dropped Ice-Cream' Biscuit Centrepiece
4,6,Beca,IN,6,Lyne-Pirkis,31,Military Wives' Choir Singer,"Aldershot, Hampshire",Bara Brith,Chocolate and Rum-Soaked Prune BriochesCardamom Spiced Lemon Iced Buns
4,6,Christine,IN,4,Wallace,66,Director of an engraving company,"Didcot, Oxfordshire",Oxford Nutty Fruit Loaf,Schnecken BunsVanilla Custard Skolebrød
4,6,Frances,IN,2,Quinn,31,Children's Clothes Designer,"Market Harborough, Leicestershire",Chai Tea Loaf,Hot Cross BriochesRhubarb and Custard Kolaches
4,6,Glenn,IN,5,Cosby,37,English Teacher,"Teignmouth, Devon",Devonshire Panettone,Almond and Apricot BriochesSticky Caramel Kanelbullen
4,6,Howard,OUT,7,Middleton,51,Council Worker,Sheffield,Date & Hemp Yorkshire Loaf,Peachy BunsGerman Baumschnecken
4,6,Kimberley,IN,3,Wilson,30,Psychologist,London,Chai Spiced Ginger and Date Tea Loaf,Double Chocolate and Hazelnut BriochesDanish Kanelsnurrer
4,6,Ruby,STAR BAKER,1,Tandoh,20,History of Art and Philosophy Student,"Southend, Essex",Citrus Tea Loaf,Twisted Swedish KanelbullarSaffron St. Lucia Buns
4,7,Beca,IN,1,Lyne-Pirkis,31,Military Wives' Choir Singer,"Aldershot, Hampshire",Spring Lamb and Vegetable Suet Puddingwith Redcurrant Gravy,Nectarine and Frangipane SquaresChocolate and Hazelnut Vol-au-ventsStrawberries and Cream Mille-feuille
4,7,Christine,IN,6,Wallace,66,Director of an engraving company,"Didcot, Oxfordshire",Spotted Dick 'With a Kick'and Vanilla Custard Ice Cream,Eccles CakesFresh Fruit BasketsLemon Cream Eton Mess Mille-feuille
4,7,Frances,STAR BAKER,5,Quinn,31,Children's Clothes Designer,"Market Harborough, Leicestershire",Figgy Roll-y Poly Puddingwith Caramelised Walnut and Honey Ice-Cream,French Framboise Cream HornsSheet Music Mille-feuilleBass Clef Palmiers
4,7,Glenn,OUT,3,Cosby,37,English Teacher,"Teignmouth, Devon",Prune and Armagnac Puddingwith Boozy Butterscotch Sauce,Caramelised Apple and Marzipan TartletsChocolate Elephant EarsPassion Fruit Mille-feuille
4,7,Kimberley,IN,4,Wilson,30,Psychologist,London,Barberry and Apple Spotted Dickwith Maple Syrup and White Chocolate Custard,"Pear, Malt and Butterscotch Mille-feuilleBlackberry and Lemon Verbena Crème Brûle Custard TartsFig, Orange and Thyme Galette"
4,7,Ruby,IN,2,Tandoh,20,History of Art and Philosophy Student,"Southend, Essex",Plum Jam Roly-Polywith Ginger Ice cream,Raspberry and Passion Fruit Mille-feuilleCaramelised Apple LatticePortuguese Custard Tarts
4,8,Beca,IN,4,Lyne-Pirkis,31,Military Wives' Choir Singer,"Aldershot, Hampshire","Potato, Spelt and Rosemary Focaccia",Spiced Butternut Squash and Pecan 'Cheese' Cake
4,8,Christine,OUT,5,Wallace,66,Director of an engraving company,"Didcot, Oxfordshire","Multi-Seeded Loaf with Pumpkin, Sesame and Sunflower Seeds",Sweet Potato Guitar with Passion Fruit Icing and Marshmallow Fondant
4,8,Frances,IN,3,Quinn,31,Children's Clothes Designer,"Market Harborough, Leicestershire",'Chelsea Flour Show' Bun Bouquet,"Hidden Carrot Cake (Ground Praline, Beetroot and Walnut)"
4,8,Kimberley,IN,2,Wilson,30,Psychologist,London,Wild Garlic Pesto and Parma Ham Spelt Loaf,Butternut Squash and Spice Cake Toadstool House
4,8,Ruby,STAR BAKER,1,Tandoh,20,History of Art and Philosophy Student,"Southend, Essex",Mango and Nigella Seed Spelt Cob,Carrot Cake and Pistachio Garden Plot
4,9,Beca,OUT,3,Lyne-Pirkis,31,Military Wives' Choir Singer,"Aldershot, Hampshire",Stilton and Walnut MacaronsBeetroot and Salmon Choux PuffsWelsh Rarebit Tartlets,Banoffee Opera Cake
4,9,Frances,IN,2,Quinn,31,Children's Clothes Designer,"Market Harborough, Leicestershire","Legume Canapés:
Chantenay CarrotsChoux Pastry TomatoesCauliflower Cheese Scones",Great British Soap Opera Cake
4,9,Kimberley,STAR BAKER,1,Wilson,30,Psychologist,London,Pea Purée TartsCrab and Wasabi ProfiterolesSteamed Buns with Barbecue Chicken,Passion Fruit and Lime Opera Cake
4,9,Ruby,IN,4,Tandoh,20,History of Art and Philosophy Student,"Southend, Essex","Beetroot Jelly on Poppy Seed BiscuitsSpinach, Parmesan and Egg TartletsChoux Buns with Goat's Cheese and Caramelised Onions","Chocolate, Almond Praline and Saffron Opera Cake"
4,10,Frances,WINNER,3,Quinn,31,Children's Clothes Designer,"Market Harborough, Leicestershire",Rainbow Picnic Pie,Midsummer Night's Dream Wedding Cake
4,10,Kimberley,Runner-up,1,Wilson,30,Psychologist,London,Chicken and Pig Pie,Languages of Love Wedding Cake
4,10,Ruby,Runner-up,2,Tandoh,20,History of Art and Philosophy Student,"Southend, Essex",Picnic Basket Pie,"Raspberry, Lemon and Passion Fruit Wedding Cake"
5,1,Chetna,IN,3,Makan,35,Fashion Designer,"Broadstairs, Kent","Cardamom, Pistachio and Coffee Swiss Roll",Tiered Victoria Sponges with Lemon Curd and Raspberry Cream
5,1,Claire,OUT,8,Goodwin,31,Speech Therapist,"Ashton upon Mersey, Trafford",Chocolatey Orangey Swirly Roll,Mini Chocolate and Cherry Cakes
5,1,Diana,IN,5,Beard,69,Women's Institute (WI) Judge,"Alkington, Shropshire",Mum's Sunday Tea Lemon Curd Swiss Roll,Chocolate Ganache Surprises
5,1,Enwezor,IN,9,Nzegwu,39,Business Consultant,"Portsmouth, Hampshire",Raspberry and Lemon Swiss Roll,Coffee and Walnut Battenberg Squares
5,1,Iain,IN,4,Watters,31,Construction Engineer,London/Belfast,Apricot and Basil Swiss Roll with Mascarpone and White Chocolate Cream,"Lemon Drizzle Cakes with Mascarpone Filling, Drizzled Icing, and Candied Lemon"
5,1,Jordan,IN,12,Cox,32,IT Manager,"Sneinton, Nottingham",Kawaii Frasier Swiss Roll,Lemon Drizzle Cakes with Blueberry and Lemon Curd
5,1,Kate,IN,6,Henry,41,Furniture Restorer,"Brighton, East Sussex",Red Velvet and White Chocolate Swiss Roll,Mini Tiered Victoria Sponges
5,1,Luis,IN,7,Troyano,42,Graphic Designer,"Poynton, Cheshire",Spanish Swiss Roll,Raspberry and Lemon Genoise Slices with Lemon Drizzles
5,1,Martha,IN,2,Collison,17,Student,"Ascot, Berkshire",Tiramisu Swiss Roll,Mini Lemon and Thyme Drizzle Cakes
5,1,Nancy,STAR BAKER,1,Birtwhistle,60,Retired Practice Manager,"Barton-upon-Humber, Lincolnshire",Coffee and Hazelnut Swiss Roll,Jaffa Orange Cakes
5,1,Norman,IN,11,Calder,66,Retired Naval Officer,"Portknockie, Moray",Black Forest Swiss Roll,Almond and Raspberry Mini Cakes
5,1,Richard,IN,10,Burr,38,Builder,"Mill Hill, London",Pistachio and Strawberry Swiss Roll,Miniature Coffee & Walnut Cakes
5,2,Chetna,IN,8,Makan,35,Fashion Designer,"Broadstairs, Kent",Fenugreek and Carom Crackers,Day On The Beach
5,2,Diana,IN,7,Beard,69,Women's Institute (WI) Judge,"Alkington, Shropshire",Parmesan Triangles,"Express, First Class"
5,2,Enwezor,OUT,9,Nzegwu,39,Business Consultant,"Portsmouth, Hampshire",Pumpkin and Sunflower Savoury Biscuits,Space Adventure Moon Scene
5,2,Iain,IN,11,Watters,31,Construction Engineer,London/Belfast,Za'atar and Fig Biscuits,Wild West Scene
5,2,Jordan,IN,6,Cox,32,IT Manager,"Sneinton, Nottingham","Sourdough, Parmesan and Chilli Biscuits",Monster Attack
5,2,Kate,IN,4,Henry,41,Furniture Restorer,"Brighton, East Sussex",Parmesan and Apple Biscuits,Tea Time
5,2,Luis,IN,3,Troyano,42,Graphic Designer,"Poynton, Cheshire",Black Olive and Rosemary Biscuits with Caramelised Onion Glaze,George Versus The Dragon
5,2,Martha,IN,5,Collison,17,Student,"Ascot, Berkshire",Caramelised Onion and Goat's Cheese Sandwich Biscuits,Ski Village Scene
5,2,Nancy,IN,2,Birtwhistle,60,Retired Practice Manager,"Barton-upon-Humber, Lincolnshire",Fennel and Rye Thins,Hansel and Gretel Scene
5,2,Norman,IN,10,Calder,66,Retired Naval Officer,"Portknockie, Moray",Farthing Biscuits,Zulu Boats at Dawn
5,2,Richard,STAR BAKER,1,Burr,38,Builder,"Mill Hill, London",Rosemary Seeded Crackers,Pirates!
5,3,Chetna,IN,8,Makan,35,Fashion Designer,"Broadstairs, Kent",Onion and Pine Nut Rolls,Rolled and Filled Twin Loaf
5,3,Diana,IN,7,Beard,69,Women's Institute (WI) Judge,"Alkington, Shropshire",Rustic Picnic Rolls,Sharing Savoury Pinwheel
5,3,Iain,IN,9,Watters,31,Construction Engineer,London/Belfast,Cranberry and Walnut Rye Bread Rolls,Moroccan Plaited with a Bessara Dip
5,3,Jordan,OUT,10,Cox,32,IT Manager,"Sneinton, Nottingham",Rye and Spelt Bread Rolls,Strawberry Raspberry Cheesecake Brioche
5,3,Kate,IN,1,Henry,41,Furniture Restorer,"Brighton, East Sussex",Orange and Cardamom Rye Bread Knots,"Prosciutto, Olive and Coriander Bread"
5,3,Luis,STAR BAKER,2,Troyano,42,Graphic Designer,"Poynton, Cheshire",Opposites Attract Rolls,Roscón de Reyes
5,3,Martha,IN,3,Collison,17,Student,"Ascot, Berkshire",Date and Walnut Rye Rolls,Stuffed Sunflower Loaf
5,3,Nancy,IN,5,Birtwhistle,60,Retired Practice Manager,"Barton-upon-Humber, Lincolnshire",Cider and Walnut Crusty Rolls,'Full English' Stromboli
5,3,Norman,IN,4,Calder,66,Retired Naval Officer,"Portknockie, Moray",Rye Bread Rolls,Chicken and Roasted Vegetable Picnic Loaf
5,3,Richard,IN,6,Burr,38,Builder,"Mill Hill, London",Rye and Cranberry Rolls,Pesto Pinwheel
5,4,Chetna,IN,3,Makan,35,Fashion Designer,"Broadstairs, Kent","Rhubarb, Strawberry and Orange Puddings","Mango, Raspberry and Coconut Baked Alaska"
5,4,Diana,IN,9,Beard,69,Women's Institute (WI) Judge,"Alkington, Shropshire",Orange and Lemon Curd Pots,Raspberry Ripple Alaska Swan
5,4,Iain,OUT,6,Watters,31,Construction Engineer,London/Belfast,"Chocolate, Lime and Raspberry Fondants","Chocolate, Black Sesame Seed and Coffee Caramel Baked Alaska (not presented)"
5,4,Kate,IN,7,Henry,41,Furniture Restorer,"Brighton, East Sussex",Chocolate and Salted Caramel Molten Puddings,"Pistachio, Raspberry and Chocolate Baked Alaska"
5,4,Luis,IN,2,Troyano,42,Graphic Designer,"Poynton, Cheshire",Pears in Puddings,Bakewell Alaska
5,4,Martha,IN,1,Collison,17,Student,"Ascot, Berkshire",Peanut Butter Chocolate Fondants,Key Lime Baked Alaska
5,4,Nancy,IN,4,Birtwhistle,60,Retired Practice Manager,"Barton-upon-Humber, Lincolnshire",Pistachio Puddings with Chocolate Sauce,Summer Pudding Alaska
5,4,Norman,IN,8,Calder,66,Retired Naval Officer,"Portknockie, Moray",Mini Sticky Toffee Puddings,Baked Alaska with Strawberry Surprise
5,4,Richard,STAR BAKER,5,Burr,38,Builder,"Mill Hill, London",Black Forest Chocolate Fondants,Tiramisu Baked Alaska
5,5,Chetna,IN,2,Makan,35,Fashion Designer,"Broadstairs, Kent",Rice Custard Tart with Mangoes and Raspberries,Fusion Tiered Pies
5,5,Diana,WD,NA,Beard,69,Women's Institute (WI) Judge,"Alkington, Shropshire",NA,NA
5,5,Kate,STAR BAKER,3,Henry,41,Furniture Restorer,"Brighton, East Sussex",Rhubarb and Custard Tart,"Rhubarb, Prune and Apple Pies"
5,5,Luis,IN,6,Troyano,42,Graphic Designer,"Poynton, Cheshire",Tropical Manchester Tart,Four Fruity Seasons Tower
5,5,Martha,IN,1,Collison,17,Student,"Ascot, Berkshire","Pistachio, Apricot and Honey Custard Tart",Three Little Pigs Pie
5,5,Nancy,IN,4,Birtwhistle,60,Retired Practice Manager,"Barton-upon-Humber, Lincolnshire",Chocolate Crusted Passion Fruit Tart,Trio of Apple Pies
5,5,Norman,OUT,5,Calder,66,Retired Naval Officer,"Portknockie, Moray",Tarte au Citron,Pieful Tower
5,5,Richard,IN,7,Burr,38,Builder,"Mill Hill, London",Fig and Orange Tart,Three Course Autumn Pie Feast
5,6,Chetna,STAR BAKER,2,Makan,35,Fashion Designer,"Broadstairs, Kent",Orange Savarin with Cinnamon Cream,Almond Liqueur Dobos Torte with Chocolate Caramel Buttercream
5,6,Diana,IN,NA,Beard,69,Women's Institute (WI) Judge,"Alkington, Shropshire",NA,NA
5,6,Kate,IN,6,Henry,41,Furniture Restorer,"Brighton, East Sussex","Pecan, Chocolate and Sour Cherry Yeast Cake",Trio of Dobos Tortes
5,6,Luis,IN,3,Troyano,42,Graphic Designer,"Poynton, Cheshire",Apple and Cinnamon Kugelhopf with Honeyed Apples,The Cage on the Rocky Hill
5,6,Martha,IN,4,Collison,17,Student,"Ascot, Berkshire",Dark Chocolate and Almond Liqueur Savarin,Chess-Themed Chocolate and Salted Caramel Dobos Torte
5,6,Nancy,IN,1,Birtwhistle,60,Retired Practice Manager,"Barton-upon-Humber, Lincolnshire",Rum Punch Savarin with Coconut Cream and Tropical Fruits,Chocolate and Caramel Dobos Torte
5,6,Richard,IN,5,Burr,38,Builder,"Mill Hill, London",Fruity Guglhupf with an Orange Glaze,Sugar Forest Dobos Torte
5,7,Chetna,IN,6,Makan,35,Fashion Designer,"Broadstairs, Kent",Crispy Lentil Kachori,Chocolate and Mango & Lemon Meringue Éclairs
5,7,Diana,IN,NA,Beard,69,Women's Institute (WI) Judge,"Alkington, Shropshire",NA,NA
5,7,Kate,OUT,4,Henry,41,Furniture Restorer,"Brighton, East Sussex",Spinach and Paneer Spicy Samosa,Neapolitan & Lemon Meringue Éclairs
5,7,Luis,IN,5,Troyano,42,Graphic Designer,"Poynton, Cheshire",Childhood Empanadas,"Stars and Stripes Éclairs
(Blueberry Cheesecake & Peanut Butter and Jelly Éclairs)"
5,7,Martha,IN,3,Collison,17,Student,"Ascot, Berkshire",Mini Beef Wellingtons,Rhubarb and Custard & Maple Syrup and Bacon Éclairs
5,7,Nancy,IN,2,Birtwhistle,60,Retired Practice Manager,"Barton-upon-Humber, Lincolnshire",Spicy Duck Pasties,Smoked Salmon and Horseradish & Raspberry Ripple Éclairs
5,7,Richard,STAR BAKER,1,Burr,38,Builder,"Mill Hill, London",Minted Lamb Pasties,"Stair of Éclairs
(Lavender and Blueberry & Rose and Raspberry Éclairs)"
5,8,Chetna,IN,1,Makan,35,Fashion Designer,"Broadstairs, Kent",Date and Walnut Swirl Bread,Chocolate Mousse Filled DoughnutsBraided Doughnuts
5,8,Diana,IN,NA,Beard,69,Women's Institute (WI) Judge,"Alkington, Shropshire",NA,NA
5,8,Luis,IN,2,Troyano,42,Graphic Designer,"Poynton, Cheshire",Black Forest Cherry Tree,"Cocktail Doughnuts
(Mudslide & Raspberry Mojito)"
5,8,Martha,OUT,5,Collison,17,Student,"Ascot, Berkshire",Spiced Plum Iced Bread Swirl,Glazed Lemon & Poppy Seed DoughnutsChocolate & Passion Fruit Doughnuts
5,8,Nancy,IN,3,Birtwhistle,60,Retired Practice Manager,"Barton-upon-Humber, Lincolnshire",Lincolnshire Plum Braid,"Doughnut Family Tree
(Limoncello and Almond & Milk Chocolate and Orange)"
5,8,Richard,STAR BAKER,4,Burr,38,Builder,"Mill Hill, London",Fruit Swedish Tea Ring,Rhubarb and Custard and Toffee Apple Doughnuts
5,9,Chetna,OUT,4,Makan,35,Fashion Designer,"Broadstairs, Kent",Chocolate Orange Baklava Masala Chai Baklava,"Chocolate, Orange & Nut EntremetsCappuccino Entremets"
5,9,Diana,IN,NA,Beard,69,Women's Institute (WI) Judge,"Alkington, Shropshire",NA,NA
5,9,Luis,IN,1,Troyano,42,Graphic Designer,"Poynton, Cheshire",Indian Rose BaklavaHalwa Baklava Rolls,"Chocolate Mousse & Cherry EntremetsPomegranate, Fig & Pistachio Sponges"
5,9,Nancy,IN,3,Birtwhistle,60,Retired Practice Manager,"Barton-upon-Humber, Lincolnshire",Coffee and Chocolate BaklavaBreakfast Baklava,Raspberry NonnettesLime and Passion Fruit Entremets
5,9,Richard,STAR BAKER,2,Burr,38,Builder,"Mill Hill, London",Rose and Pistachio BaklavaWalnut and Almond Baklava,Hazelnut Mocha EntremetsPink Grapefruit Entremets
5,10,Diana,IN,NA,Beard,69,Women's Institute (WI) Judge,"Alkington, Shropshire",NA,NA
5,10,Luis,Runner-up,2,Troyano,42,Graphic Designer,"Poynton, Cheshire","Apple, Walnut, Raisin and Cheshire Cheese ChaussonsPain au Chocolat Blanc with Raspberries and Cream Cheese",Village in Chocolate
5,10,Nancy,WINNER,1,Birtwhistle,60,Retired Practice Manager,"Barton-upon-Humber, Lincolnshire",Apple and Lemon KitesRaspberry and Almond Croissants,Red Windmill
5,10,Richard,Runner-up,3,Burr,38,Builder,"Mill Hill, London",Pear Pain au ChocolatPain Au Lait,Mill on the Hill
6,1,Alvin,IN,2,Magallanes,37,Nurse,"Bracknell, Berkshire",Orange Vanilla and Fig Madeira Cake,Black Forest Gâteau
6,1,Dorret,IN,5,Conway,53,Accountant,"Penwortham, Lancashire",Madeira Cake with Candied Lemons,Enchanted Forest Gâteau
6,1,Flora,IN,6,Shedden,19,Art gallery assistant,"Dunkeld, Perth and Kinross",Blood Orange Madeira Cake,Black Forest Gâteau
6,1,Ian,IN,8,Cumming,41,Travel photographer,"Great Wilbraham, Cambridgeshire",Somewhere West of Madeira Cake,Black Forest Cherry Tree
6,1,Marie,STAR BAKER,3,Campbell,66,Retired,"Auchterarder, Perthshire",Zingy Citrus Madeira Cake,A Walk in the Black Forest
6,1,Mat,IN,7,Riley,37,Fire fighter,London,Gin and Tonic Madeira Cake,Black Forest Gateau
6,1,Nadiya,IN,12,Hussain,30,Full-time mother,Leeds / Luton,Orange and Green Cardamom Madeira Cake,Quadruple Chocolate Black Forest Gâteau
6,1,Paul,IN,10,Jagger,49,Prison governor,"Swansea, Wales","Lemon, Ginger and Caraway Seed Madeira Cake",Black Forest Chocolate Creation
6,1,Sandy,IN,9,Docherty,49,Child welfare officer,"Yeadon, West Yorkshire",Madeira Cake with Almond Liqueur and Chopped Apricots,Black Forest Gâteau
6,1,Stu,OUT,11,Henshall,35,Professional musician,"Guildford, Surrey",Marley Madeira Cake,Purple Forest Gâteau
6,1,Tamal,IN,4,Ray,29,Trainee anaesthetist,Manchester,Pistachio and Rose Madeira Cake,Black Forest Gâteau in a Chocolate Shell
6,1,Ugnė,IN,1,Bubnaityte,32,PA and administrator,"Woodford, London / Vilkaviškis, Lithuania",Lemon and Thyme Madeira Cake,Falling Cup Gâteau
6,2,Alvin,IN,6,Magallanes,37,Nurse,"Bracknell, Berkshire","Jackfruit, Pistachio and Macadamia Biscotti",Gingerbread Box filled with Brandy Snaps
6,2,Dorret,IN,1,Conway,53,Accountant,"Penwortham, Lancashire",Almond and Apricot Biscotti with Amber Sugar Crystals,Box of Frogs
6,2,Flora,IN,2,Shedden,19,Art gallery assistant,"Dunkeld, Perth and Kinross",Wedding Biscotti,Honey and Earl Grey Tea Box
6,2,Ian,STAR BAKER,3,Cumming,41,Travel photographer,"Great Wilbraham, Cambridgeshire","Orange, Rosemary and Almond Biscotti",Sandwich de la Confiture
6,2,Marie,OUT,11,Campbell,66,Retired,"Auchterarder, Perthshire",Biscotti Italiano,Russian Box
6,2,Mat,IN,5,Riley,37,Fire fighter,London,"Pistachio, Cranberry and White Chocolate Biscotti",Gingerbread Fire Engine
6,2,Nadiya,IN,9,Hussain,30,Full-time mother,Leeds / Luton,"Coconut, Fennel and Pistachio Biscotti",Box of Fortunes
6,2,Paul,IN,10,Jagger,49,Prison governor,"Swansea, Wales","Chocolate, Hazelnut and Fig Biscotti",Memory Box
6,2,Sandy,IN,4,Docherty,49,Child welfare officer,"Yeadon, West Yorkshire",Chocolate Chunk and Hazelnut Biscotti,Sundried Tomato Cheese Biscuit Box
6,2,Tamal,IN,8,Ray,29,Trainee anaesthetist,Manchester,"Cinnamon, Maple and Cranberry Biscotti",Chessboard Box
6,2,Ugnė,IN,7,Bubnaityte,32,PA and administrator,"Woodford, London / Vilkaviškis, Lithuania",White Wine Biscotti,Baby Climbing into the Cookie Box
6,3,Alvin,IN,4,Magallanes,37,Nurse,"Bracknell, Berkshire","Prosciutto, Manchego and Balsamic Onion Soda Breads",Cornucopia
6,3,Dorret,OUT,6,Conway,53,Accountant,"Penwortham, Lancashire",Walnut and Stilton Soda Breads,Unmade Bread
6,3,Flora,IN,2,Shedden,19,Art gallery assistant,"Dunkeld, Perth and Kinross",Fig and Hazelnut Rye Breads,Herb Couture
6,3,Ian,STAR BAKER,1,Cumming,41,Travel photographer,"Great Wilbraham, Cambridgeshire",Wild Garlic Pesto Soda Breads,Flour Power
6,3,Mat,IN,8,Riley,37,Fire fighter,London,"Jalapeño, Mexican Cheddar and Smoked Salt Soda Breads",Curry Inspired Brighton Pavilion
6,3,Nadiya,IN,9,Hussain,30,Full-time mother,Leeds / Luton,Mexican Bread with Warm Tomato Salsa,Snake Charmer's Basket
6,3,Paul,IN,10,Jagger,49,Prison governor,"Swansea, Wales",Cranberry and Orange Sweet Soda Breads,King of the Jungle
6,3,Sandy,IN,7,Docherty,49,Child welfare officer,"Yeadon, West Yorkshire",Soda Breads with Smoked Bacon and Onion,Basket of Bread Flowers with a Walnut and Blue Cheese Centre
6,3,Tamal,IN,3,Ray,29,Trainee anaesthetist,Manchester,"Fig, Cheese and Walnut Breads",Breadcycle
6,3,Ugnė,IN,5,Bubnaityte,32,PA and administrator,"Woodford, London / Vilkaviškis, Lithuania",Chocolate Quick Breads with Salted Caramel Sauce,Easter Basket
6,4,Alvin,IN,9,Magallanes,37,Nurse,"Bracknell, Berkshire",Blackberry Crème Brûlées,Tower of Fruits Cheesecakes
6,4,Flora,IN,3,Shedden,19,Art gallery assistant,"Dunkeld, Perth and Kinross",Rhubarb and Ginger Crème Brûlées,Elderflower and Granola Cheesecakes
6,4,Ian,STAR BAKER,4,Cumming,41,Travel photographer,"Great Wilbraham, Cambridgeshire",Pomegranate Two Ways Crème Brûlées,Trio of Spicy and Herby Baked Cheesecakes
6,4,Mat,IN,7,Riley,37,Fire fighter,London,Coconut Crème Brûlées,Chocolate Bar Cheesecakes
6,4,Nadiya,IN,8,Hussain,30,Full-time mother,Leeds / Luton,Cinnamon Tea Crème Brûlées,Fizzy Pop Cheesecakes
6,4,Paul,IN,1,Jagger,49,Prison governor,"Swansea, Wales",Almond Crème Brûlées,Berry Cheesecake Tower
6,4,Sandy,OUT,6,Docherty,49,Child welfare officer,"Yeadon, West Yorkshire",Pontefract Crème Brûlées,"Cassata, Whisky and Orange & Apple Pie Cheesecakes"
6,4,Tamal,IN,5,Ray,29,Trainee anaesthetist,Manchester,Rhubarb and Ginger Crème Brûlées,"Mango, Hazelnut and Rosemary Cheesecake Trio"
6,4,Ugnė,IN,2,Bubnaityte,32,PA and administrator,"Woodford, London / Vilkaviškis, Lithuania",Marula Fruit and Coffee Liqueur Crème Brûlées,"Lime, Coconut and Hazelnut Cheesecakes"
6,5,Alvin,IN,8,Magallanes,37,Nurse,"Bracknell, Berkshire",Pineapple Upside Down Cake,"Buko Pandan, Mango and Passion Fruit Ice Cream Roll"
6,5,Flora,IN,3,Shedden,19,Art gallery assistant,"Dunkeld, Perth and Kinross","Pistachio, Apple and Cardamom Madeleine Cake",Chocolate and Pear Bûche
6,5,Ian,IN,5,Cumming,41,Travel photographer,"Great Wilbraham, Cambridgeshire",Honey and Flowers Cake,Dessert Island
6,5,Mat,IN,4,Riley,37,Fire fighter,London,Sugar Free Carrot Cake,Raspberry and Coconut Ice Cream Roll
6,5,Nadiya,STAR BAKER,1,Hussain,30,Full-time mother,Leeds / Luton,Naked Blueberry and Caraway Crunch Cake,Chocolate and Strawberry Lime Ice Cream Roll
6,5,Paul,IN,2,Jagger,49,Prison governor,"Swansea, Wales",Carrot & Pecan Cake,Dessert Island Getaway
6,5,Tamal,IN,7,Ray,29,Trainee anaesthetist,Manchester,Honey and Grapefruit Polenta Cake,Passion Fruit and Pineapple Ice Cream Roll
6,5,Ugnė,OUT,6,Bubnaityte,32,PA and administrator,"Woodford, London / Vilkaviškis, Lithuania",Chocolate and Hazelnut Sugar-Free Cake,"Chocolate, Peanut Butter and Grape Jam Roll"
6,6,Alvin,OUT,6,Magallanes,37,Nurse,"Bracknell, Berkshire",Plum Frangipane Tart,Smoked Salmon En Croûte and Vermouth Chicken à la King Vol-au-vents
6,6,Flora,IN,2,Shedden,19,Art gallery assistant,"Dunkeld, Perth and Kinross",Apricot and Rosemary Frangipane Tart,Asparagus and Parma Ham and Praline and Chocolate Vol-au-vents
6,6,Ian,IN,3,Cumming,41,Travel photographer,"Great Wilbraham, Cambridgeshire",Pear and Raspberry Frangipane Tart,vol-au-vents Terre et Mer
6,6,Mat,STAR BAKER,1,Riley,37,Fire fighter,London,Piña Colada Frangipane Tart,His 'n' Hers Vol-au-vents
6,6,Nadiya,IN,4,Hussain,30,Full-time mother,Leeds / Luton,"Bay Leaf, Rong Tea and Pear Tart",Bengali Korma and Clementine with Cod Vol-au-vents
6,6,Paul,IN,5,Jagger,49,Prison governor,"Swansea, Wales",Christmas Frangipane Tart,Savoury and Sweet Bouchées
6,6,Tamal,IN,7,Ray,29,Trainee anaesthetist,Manchester,Spiced Pear Frangipane Tart,Fennel and Rosemary Pulled Pork and Chicken and Coriander vol-au-vents
6,7,Flora,IN,4,Shedden,19,Art gallery assistant,"Dunkeld, Perth and Kinross",Game Pie with Shallot and Apple Chutney,"Raspberry, Pomegranate and Champagne Charlotte Russe"
6,7,Ian,IN,5,Cumming,41,Travel photographer,"Great Wilbraham, Cambridgeshire",Roadkill Pie,Victoria's Crown Charlotte Russe
6,7,Mat,OUT,6,Riley,37,Fire fighter,London,Raised Venison and Pigeon Pie,Strawberry Charlotte Russe
6,7,Nadiya,IN,1,Hussain,30,Full-time mother,Leeds / Luton,Aromatic Raised Game Pie,Mango and Raspberry Charlotte Russe
6,7,Paul,IN,2,Jagger,49,Prison governor,"Swansea, Wales",Not a Boaring Pie,Charlotte Rose
6,7,Tamal,STAR BAKER,3,Ray,29,Trainee anaesthetist,Manchester,Middle Eastern Game Pie,"Spiced Blackberry, Raspberry and Cardamom Charlotte Russe"
6,8,Flora,IN,3,Shedden,19,Art gallery assistant,"Dunkeld, Perth and Kinross",Peach & Lemon Thyme and Smoked Almond & Butterscotch Cream Horns,Lime & Basil and Coconut & White Chocolate Religieuse à l'ancienne
6,8,Ian,IN,2,Cumming,41,Travel photographer,"Great Wilbraham, Cambridgeshire",Mont Blanc & Black Forest Gâteau Horns,Nun with Hidden Passions
6,8,Nadiya,STAR BAKER,1,Hussain,30,Full-time mother,Leeds / Luton,Rose Pistachio and Mocha Hazelnut Horns,Bubble Gum and Peppermint Cream Religieuse à l'ancienne
6,8,Paul,OUT,5,Jagger,49,Prison governor,"Swansea, Wales",Café Tipple & Banana Crunch-away Horns,Religieuse à l'ancienne
6,8,Tamal,IN,4,Ray,29,Trainee anaesthetist,Manchester,Lime & Mascarpone and Malt Cream Horns,Passionfruit & Mango and Pistachio & Raspberry Religieuse à l'ancienne
6,9,Flora,OUT,1,Shedden,19,Art gallery assistant,"Dunkeld, Perth and Kinross",Passion Fruit and Chocolate Tart,Cocoa Carousel
6,9,Ian,IN,3,Cumming,41,Travel photographer,"Great Wilbraham, Cambridgeshire",Chocolate and Bay Tart,Chocolate Well
6,9,Nadiya,STAR BAKER,4,Hussain,30,Full-time mother,Leeds / Luton,Peanut Salted Caramel and Chocolate Tart,Peacock in Nan's Door
6,9,Tamal,IN,2,Ray,29,Trainee anaesthetist,Manchester,Chocolate New York Pie,Chocolate Bell Tower
6,10,Ian,Runner-up,2,Cumming,41,Travel photographer,"Great Wilbraham, Cambridgeshire",Elderflower and Lemon & Spiced Buns,Colossal Curvy Carrot Cake
6,10,Nadiya,WINNER,1,Hussain,30,Full-time mother,Leeds / Luton,Cardamom and Almond Buns & Nutmeg and Sour Cherry Fingers,My Big Fat British Wedding Cake
6,10,Tamal,Runner-up,3,Ray,29,Trainee anaesthetist,Manchester,Cinnamon and Apple & Toffee and Marmalade Iced Buns,Sticky Toffee Pudding Cake
7,1,Andrew,IN,12,Smyth,25,Aerospace engineer,"Derby / Holywood, County Down",Lemon and Rosemary Drizzle Cake,'Ultimate Indulgence' Mirror Glaze Cake
7,1,Benjamina,IN,6,Ebuehi,23,Teaching assistant,South London,"Pistachio, Cardamom and Lemon Drizzle Cake",White Chocolate Mirror Glaze with Salted Praline Buttercream
7,1,Candice,IN,5,Brown,31,PE teacher,"Barton-Le-Clay, Bedfordshire",Raspberry and Rhubarb Drizzle Custard Bundt Cake,"Mirror Mirror On The Wall, Who Is The Shiniest Cake Of Them All?"
7,1,Jane,STAR BAKER,7,Beedle,61,Garden designer,Beckenham,Lemon and Poppy Seed Drizzle Cake,Chocolate Orange Mirror Cake
7,1,Kate,IN,4,Barmby,37,Nurse,"Brooke, Norfolk",Berry Best Apple and Bramble Drizzle Cake,One Swallow Does Not Make A Summer Cake
7,1,Lee,OUT,11,Banfield,67,Pastor,Bolton,St. Clements Orange and Lemon Drizzle Cake,Strawberry Surprise Mirror Cake
7,1,Louise,IN,9,Williams,46,Hairdresser,Cardiff,Orange Liqueur and Lemonade Drizzle Cake,White Chocolate Trifle Mirror Glaze Cake
7,1,Michael,IN,3,Georgiou,20,Student,Durham,"Lime, Ginger and Honey Drizzle Cake",Matcha Tea Chocolate Mirror Glaze
7,1,Rav,IN,8,Bansal,28,Student support,Erith,Ginger Spice Yuzu Drizzle Cake,Colombian Mocha Mirror Glaze Cake
7,1,Selasi,IN,1,Gbormittah,30,Client service associate,London,Citrus and Spice Drizzle Cake,"Raspberry, Sloe and White Chocolate Mirror Glaze Cake"
7,1,Tom,IN,2,Gilliford,26,Project engagement manager,Rochdale,G&T Drizzle Cake,Black Forest Broken Mirror
7,1,Val,IN,10,Stones,66,"Semi-retired, Substitute teacher",Yeovil,Mum's Orange and Lemon Drizzle,Chocolate Sponge with Four Fruit Frosting
7,2,Andrew,IN,4,Smyth,25,Aerospace engineer,"Derby / Holywood, County Down",Beehive Biscuits,Punting in Cambridge
7,2,Benjamina,IN,3,Ebuehi,23,Teaching assistant,South London,Bouquet Biscuits,"New York, New York"
7,2,Candice,STAR BAKER,8,Brown,31,PE teacher,"Barton-Le-Clay, Bedfordshire","Salted Caramel, Chocolate Iced Shiny Hearts",Gingerbread Pub with Sticky Ginger Carpet
7,2,Jane,IN,2,Beedle,61,Garden designer,Beckenham,Flower Pot Iced Biscuits,Hastings Old Town Fishing Net Shops and Boat
7,2,Kate,IN,1,Barmby,37,Nurse,"Brooke, Norfolk","""A Biscuit for the Broads""","""I Promise I will do my best"""
7,2,Louise,OUT,10,Williams,46,Hairdresser,Cardiff,Baa Bara Brith Biscuits,Gingerbread Wedding
7,2,Michael,IN,9,Georgiou,20,Student,Durham,"Malt, Chocolate and Orange Iced ""Beer"" Biscuits",Trip to See Santa in Lapland
7,2,Rav,IN,6,Bansal,28,Student support,Erith,Union Jack Bunting Biscuits,Gingerbread Christmas Fairground
7,2,Selasi,IN,11,Gbormittah,30,Client service associate,London,"""Wheelie Hot Iced Biscuits""",Stained Glass Window Gingerbread Church
7,2,Tom,IN,7,Gilliford,26,Project engagement manager,Rochdale,Chai Frappelatteccino Biscuits,Tom and Pod's Near Death Experience
7,2,Val,IN,5,Stones,66,"Semi-retired, Substitute teacher",Yeovil,Sunday Treat Iced Ice Cream Cone Biscuits,From Holland to New York via Yorkshire
7,3,Andrew,IN,2,Smyth,25,Aerospace engineer,"Derby / Holywood, County Down",Chocolate Barmbrack Bread,Braided Harvest Bread Basket
7,3,Benjamina,IN,6,Ebuehi,23,Teaching assistant,South London,"Chocolate, Tahini and Almond Babka",Braided Bread Heart
7,3,Candice,IN,3,Brown,31,PE teacher,"Barton-Le-Clay, Bedfordshire","Chocolate, Salted Caramel & Pecan Brittle Brioche Loaf",Italian Light and Dark Rye Twist
7,3,Jane,IN,9,Beedle,61,Garden designer,Beckenham,Chocolate and Cranberry Couronne,Chorizo and Chilli Flower with Parmesan and Pesto Centre
7,3,Kate,IN,8,Barmby,37,Nurse,"Brooke, Norfolk",Cobbled Loaf,The Corn Maiden
7,3,Michael,OUT,7,Georgiou,20,Student,Durham,Chocolate and Chilli Swirl Plait,Cypriot Dove and Olive Branch Plaited Loaf with Houmous
7,3,Rav,IN,10,Bansal,28,Student support,Erith,"Chocolate, Cardamom and Hazelnut Loaf",Three Tier Diwali Bread Centrepiece
7,3,Selasi,IN,5,Gbormittah,30,Client service associate,London,"Chocolate, Orange and Cinnamon Bread",Bedouin Escape Tear and Share Bread
7,3,Tom,STAR BAKER,4,Gilliford,26,Project engagement manager,Rochdale,Chocolate Orange and Chilli Swirl Bread,Jörmungandr and Mjölnir
7,3,Val,IN,1,Stones,66,"Semi-retired, Substitute teacher",Yeovil,Double Chocolate Cinnamon Twist Loaf,"""And They All Went Into The Ark To Get Out Of The Rain"""
7,4,Andrew,IN,4,Smyth,25,Aerospace engineer,"Derby / Holywood, County Down",Yorkshire 'Tapas' Puddings,Churros Window Box
7,4,Benjamina,STAR BAKER,1,Ebuehi,23,Teaching assistant,South London,"Red Onion Chutney, Brie and Bacon Yorkshire Puddings",Tropical Churros
7,4,Candice,IN,2,Brown,31,PE teacher,"Barton-Le-Clay, Bedfordshire",Yorkshire Wellingtons,Two-Way Peanut Butter Churros
7,4,Jane,IN,3,Beedle,61,Garden designer,Beckenham,Meat and Two Veg Yorkshires,Pistachio and White Chocolate Churros
7,4,Kate,OUT,7,Barmby,37,Nurse,"Brooke, Norfolk",Christmas Dinner Compromise,Hot Cross Bunny Churros
7,4,Rav,IN,9,Bansal,28,Student support,Erith,Thai Tofu Panang Yorkshires,Three Dip Matcha Pistachio Churros
7,4,Selasi,IN,8,Gbormittah,30,Client service associate,London,Perfect Sunday Roast Accompaniment,Lemon and Anise Churros
7,4,Tom,IN,5,Gilliford,26,Project engagement manager,Rochdale,West Yorkshire Fusion Puddings,Fennel Churros Snake In The Grass
7,4,Val,IN,6,Stones,66,"Semi-retired, Substitute teacher",Yeovil,Mum's Chilli Yorkshire Puddings,Orange Chocolate Churros
7,5,Andrew,IN,6,Smyth,25,Aerospace engineer,"Derby / Holywood, County Down",Mum and Dad's Breakfast Pastries,Spicy Chorizo Squash Parcels and Baklava Bites
7,5,Benjamina,IN,5,Ebuehi,23,Teaching assistant,South London,'Good Morning America' Swirls and Peanut Butter and Banana Pinwheels,Plantain and Spinach Samosas and Chai Pear Cups
7,5,Candice,STAR BAKER,2,Brown,31,PE teacher,"Barton-Le-Clay, Bedfordshire","Danish Pastry Croque Monsieur Kites and Cinnamon Apple, Vanilla Crème Rose Danish","Sausage, Black Pudding and Apple Rounds and Banoffee Whiskey Cups"
7,5,Jane,IN,1,Beedle,61,Garden designer,Beckenham,"Orange Pain au Raisins, Raspberry, Chocolate and Almond Danish","Roquefort, Fig and Walnut Parcels and Cherry and Chocolate Cones"
7,5,Rav,IN,8,Bansal,28,Student support,Erith,"Cinnamon Swirls and Pecan, Walnut and Maple Plaits",Chinese Style Prawn Filo Tartlets and Spiced White Chocolate and Hazelnut Samosas
7,5,Selasi,IN,3,Gbormittah,30,Client service associate,London,"Rhubarb, Mango and Ginger Plait, and Pineapple and Coconut Pinwheels","Parma Ham, Asparagus and Cheese Filo Cigars and Coffee Cream Filo Cups"
7,5,Tom,IN,4,Gilliford,26,Project engagement manager,Rochdale,Mega Breakfast Bonanzas; Granola Spirals and Wheat Foldovers,Yin and Yang Amuse-bouche
7,5,Val,OUT,7,Stones,66,"Semi-retired, Substitute teacher",Yeovil,"Pecan and Maple Syrup Pinwheels and Apple, Sultana and Cinnamon Swirls","Caramelised Red Onion, Goats Cheese Tartlets and Mincemeat and Apple Spiced Parcels"
7,6,Andrew,IN,6,Smyth,25,Aerospace engineer,"Derby / Holywood, County Down",Tangy Lime and Ginger Meringue Pie,Spring Elderflower Trio
7,6,Benjamina,IN,2,Ebuehi,23,Teaching assistant,South London,Grapefruit and Ginger Meringue Pie,Floral Tea Cake
7,6,Candice,IN,5,Brown,31,PE teacher,"Barton-Le-Clay, Bedfordshire","Lime, Coconut and Lemongrass Sugar Meringue Pie",Four Seasons Cake
7,6,Jane,IN,4,Beedle,61,Garden designer,Beckenham,Lime and Coconut Meringue Pie,Three Tier Orange Cake with a Floral Chocolate Collar
7,6,Rav,OUT,3,Bansal,28,Student support,Erith,Mandarin Margarita Meringue Pie,Blossom Cake
7,6,Selasi,IN,7,Gbormittah,30,Client service associate,London,"Grapefruit, Orange and Mint Meringue Pie",Three Tiered Ombré Floral Cake
7,6,Tom,STAR BAKER,1,Gilliford,26,Project engagement manager,Rochdale,Blood Orange Halloween Pumpkin Pie,Floral Tea Cake
7,7,Andrew,STAR BAKER,1,Smyth,25,Aerospace engineer,"Derby / Holywood, County Down",Tropical Holiday Roulade,Childhood Ice Cream Mousse Cakes
7,7,Benjamina,IN,3,Ebuehi,23,Teaching assistant,South London,Piña Colada Roulade,Apple Crumble Mousse Cake and Chocolate Coffee Mousse Cake
7,7,Candice,IN,2,Brown,31,PE teacher,"Barton-Le-Clay, Bedfordshire",Crowd Pleaser Roulade,Blackberry and Raspberry Bubbles and After Dinner Mousse
7,7,Jane,IN,4,Beedle,61,Garden designer,Beckenham,Chocolate and Hazelnut Roulade,"Chocolate, Coffee, and Vanilla Joconde Cakes and Blackcurrant and Vanilla Ombre Mousses"
7,7,Selasi,IN,6,Gbormittah,30,Client service associate,London,Summer Picnic Roulade,"Lemon, Strawberry and Passionfruit and Chocolate and Mint Mini Mousse Cakes"
7,7,Tom,OUT,5,Gilliford,26,Project engagement manager,Rochdale,Millionaire's Roulade,Hipster Picnic
7,8,Andrew,IN,2,Smyth,25,Aerospace engineer,"Derby / Holywood, County Down",Da Vinci Inspired Geared Pies,Jousting Knights Marchpane
7,8,Benjamina,OUT,4,Ebuehi,23,Teaching assistant,South London,Mexican Adventure,Tudor Garden
7,8,Candice,STAR BAKER,1,Brown,31,PE teacher,"Barton-Le-Clay, Bedfordshire",Cheesy Cheeky Fish Pies,Peacock
7,8,Jane,IN,5,Beedle,61,Garden designer,Beckenham,Tudor Rose Pies,Swans
7,8,Selasi,IN,3,Gbormittah,30,Client service associate,London,Bouquet of Flowers,Fruity Tudor Marchpane
7,9,Andrew,STAR BAKER,2,Smyth,25,Aerospace engineer,"Derby / Holywood, County Down",Cheesy Elephant Ears and Herby Treble Clefs,Philharmonic Fondants
7,9,Candice,IN,3,Brown,31,PE teacher,"Barton-Le-Clay, Bedfordshire","Red Onion, Cambozola and Walnut Palmiers and Mushroom, Streaky Bacon, and Parmesan Palmiers",Chocolate Praline Fondant Fancies and Cherry Bakewell Fondant Fancies
7,9,Jane,IN,1,Beedle,61,Garden designer,Beckenham,"Pesto and Sundried Tomato Palmiers and Goats Cheese, Olive and Parma Ham Palmiers",Pistachio and Raspberry Fondant Fancies and Lemon Curd Surprise Fondant Fancies
7,9,Selasi,OUT,4,Gbormittah,30,Client service associate,London,"Sundried Tomato, Onion, Peppers and Parmesan Palmiers and Salmon, Spinach and Mushroom Palmiers",Lime and Ginger Fondant Fancies and Pink Velvet and Raspberry Prosecco Fondant Fancies
7,10,Andrew,Runner-up,1,Smyth,25,Aerospace engineer,"Derby / Holywood, County Down",Crunchy Caramel Cassis Crown,Family and Friends' Favourites Picnic
7,10,Candice,WINNER,2,Brown,31,PE teacher,"Barton-Le-Clay, Bedfordshire",Queen Victoria's Mango and Strawberry Crown,Picnic for Pearly Kings and Queens
7,10,Jane,Runner-up,3,Beedle,61,Garden designer,Beckenham,"Red, White and Blue Meringue Crown",Family Favourites Feast
8,1,Chris,IN,12,Geiger,50,Software developer,Bristol,Tropical Fresh Fruit Cake,'Raised Pork Pie and Egg Surprise' Cake
8,1,Flo,IN,9,Atkins,71,Retired,Merseyside,Citrus Layer Cake,'One in a Melon' Cake
8,1,James,IN,2,Hillery,46,Banker,"Brentwood, Essex","Orange, Rhubarb & Ginger Crumble Cake",'Mock-accino and Croissant' Cake
8,1,Julia,IN,3,Chernogorova,21,Aviation Broker,"Crawley, West Sussex",Courgette and Lemon Cake,'Russian Doll' Cake
8,1,Kate,IN,1,Lyon,29,Health and safety inspector,Merseyside,Moroccan Strawberry and Rose Cake,'Chocolate Terrarium' Cake
8,1,Liam,IN,8,Charles,19,Student,North London,Apple and Almond Crumble Maple Loaf,'Stackin' Sunday' Cake
8,1,Peter,OUT,10,Abatan,52,IT programme manager,"Southend, Essex",Coconut Cake,'Bread on a Breadboard' Cake
8,1,Sophie,IN,5,Faldo,33,Former army officer and trainee stuntwoman,"West Molesey, Surrey",Pineapple and Coconut Sandwich Cake,'Champagne Bottle and Bucket' Cake
8,1,Stacey,IN,11,Hart,42,Former school teacher,"Radlett, Hertfordshire",Granny Smith Apple and Walnut Cake,'Black Evening Clutch Bag' Cake
8,1,Steven,STAR BAKER,6,Carter-Bailey,34,Marketer,"Watford, Hertfordshire",Bonfire Night Cake,'A Baker's Lunch' Cake
8,1,Tom,IN,7,Hetherington,29,Architect,Edinburgh,Gilded Pear and Cardamom Cake,'Stack of Books' Cake
8,1,Yan,IN,4,Tsou,46,Laboratory research scientist,North London,Windfall Apple Crumble Cake,'Banana-ramen' Cake
8,2,Chris,OUT,11,Geiger,50,Software developer,Bristol,Chocolate Chia Seed Biscuits with Whisky Caramel Filling,'The Great British Sail Off' Game
8,2,Flo,IN,10,Atkins,71,Retired,Merseyside,Gin Jam Butties,'Pick My Bones' Game
8,2,James,IN,3,Hillery,46,Banker,"Brentwood, Essex",Rhubarb and Custard Whirls,'Coppit' Game
8,2,Julia,IN,4,Chernogorova,21,Aviation Broker,"Crawley, West Sussex",Middle Eastern Delight Sandwich Biscuits,'A British Baking' Game
8,2,Kate,IN,8,Lyon,29,Health and safety inspector,Merseyside,Coconut Seashells for a Titanic Afternoon Tea,'Jungle' Game
8,2,Liam,IN,7,Charles,19,Student,North London,Coffee Malted Pecan Shorties,'Classroom Classics' Game
8,2,Sophie,IN,2,Faldo,33,Former army officer and trainee stuntwoman,"West Molesey, Surrey",Lemon Limoncino Sandwich Biscuits,'Snakes and Ladders' Game
8,2,Stacey,IN,9,Hart,42,Former school teacher,"Radlett, Hertfordshire",Sparkly Chocolate and Marshmallow Fluff Cookies,'Get to School' Game
8,2,Steven,STAR BAKER,6,Carter-Bailey,34,Marketer,"Watford, Hertfordshire",Amarpressi Biscuits,'Check Bake' Game
8,2,Tom,IN,5,Hetherington,29,Architect,Edinburgh,Coffee and Amaretto Kisses,'Drain Pipes and Ladders' Game
8,2,Yan,IN,1,Tsou,46,Laboratory research scientist,North London,'Mrs. Marian's PB 'n' B' Biscuits,'Adventures in Bakeland' Game
8,3,Flo,OUT,7,Atkins,71,Retired,Merseyside,Cinnamon and Orange Teacakes,'Davy Jones' Locker' Bread Sculpture
8,3,James,IN,9,Hillery,46,Banker,"Brentwood, Essex",Nordic Teacakes,'Owl in the Woods' Bread Sculpture
8,3,Julia,STAR BAKER,2,Chernogorova,21,Aviation Broker,"Crawley, West Sussex",Earl Grey Dried Fruit Teacakes,'The Snail Under a Mushroom' Bread Sculpture
8,3,Kate,IN,10,Lyon,29,Health and safety inspector,Merseyside,Blueberry Buns,'Kraken' Bread Sculpture
8,3,Liam,IN,5,Charles,19,Student,North London,Jamaican Spiced Teacakes,'Kneadapolitan' Bread Sculpture
8,3,Sophie,IN,6,Faldo,33,Former army officer and trainee stuntwoman,"West Molesey, Surrey",Tagine Teacakes,'Picnic Basket' Bread Sculpture
8,3,Stacey,IN,1,Hart,42,Former school teacher,"Radlett, Hertfordshire",Cranberry and Cinnamon Teacakes,'Ascot Hat' Bread Sculpture
8,3,Steven,IN,3,Carter-Bailey,34,Marketer,"Watford, Hertfordshire",Madras Cocktail Teacakes,'The Bag I Knead' Bread Sculpture
8,3,Tom,IN,4,Hetherington,29,Architect,Edinburgh,Orange and Cranberry Teacakes,'Pink & Yellow Rose Centrepiece' Bread Sculpture
8,3,Yan,IN,8,Tsou,46,Laboratory research scientist,North London,'Mrs P's' Masala Chai Spiced Teacakes,'Basil the Vegetarian Dragon with his Pumpkin Hoard' Bread Sculpture
8,4,James,IN,2,Hillery,46,Banker,"Brentwood, Essex",'Windy City' Millionaire Shortbreads,Nutty Caramel Cake
8,4,Julia,IN,9,Chernogorova,21,Aviation Broker,"Crawley, West Sussex",Pecan Salted Caramel Millionaire Shortbreads,Poppy Seed Caramel Cake
8,4,Kate,STAR BAKER,6,Lyon,29,Health and safety inspector,Merseyside,Salted Bay Caramel Millionaire Shortbreads,Sticky Toffee Apple Caramel Cake
8,4,Liam,IN,3,Charles,19,Student,North London,Salted Peanut Butter Millionaire Shortbreads,White Layered Ginger Caramel Cake
8,4,Sophie,IN,4,Faldo,33,Former army officer and trainee stuntwoman,"West Molesey, Surrey",Jaffa Millionaire Shortbreads,Bird's Nest Caramel Cake
8,4,Stacey,IN,1,Hart,42,Former school teacher,"Radlett, Hertfordshire",Rum Salted Caramel Millionaire Shortbreads,Chocolate and Coffee Caramel Cake
8,4,Steven,IN,7,Carter-Bailey,34,Marketer,"Watford, Hertfordshire",Orange Macadamia Nut Millionaire Shortbreads,Caramel Crown Cake
8,4,Tom,OUT,5,Hetherington,29,Architect,Edinburgh,Stem Ginger Caramel Shortbreads,Hummingbird Cake
8,4,Yan,IN,8,Tsou,46,Laboratory research scientist,North London,'Lil' Red's Ginger and Nuts' Millionaire Shortbreads,Animals of the Rainforest Caramel Cake
8,5,James,OUT,7,Hillery,46,Banker,"Brentwood, Essex",Orange and Ginger Steamed School Pudding,'The Missed Silver Jubilee' Trifle Terrine
8,5,Julia,IN,3,Chernogorova,21,Aviation Broker,"Crawley, West Sussex",Orange & Treacle Steamed School Pudding,'Opulent Ornament' Trifle Terrine
8,5,Kate,IN,8,Lyon,29,Health and safety inspector,Merseyside,'Mr Darcy's Steamy Lake Scene' Steamed School Pudding,'My Great Great Nan's' Raspberry Trifle Terrine
8,5,Liam,IN,2,Charles,19,Student,North London,Cherries & Lemons that are 'Baked Well','Cheers Lads' Trifle Terrine
8,5,Sophie,STAR BAKER,1,Faldo,33,Former army officer and trainee stuntwoman,"West Molesey, Surrey","Ginger, Fig and Honey Steamed School Pudding","Raspberry, Yuzu & White Chocolate Bûche Trifle Terrine"
8,5,Stacey,IN,4,Hart,42,Former school teacher,"Radlett, Hertfordshire",Bakewell Tart Steamed School Pudding,Tropical Trifle Terrine
8,5,Steven,IN,5,Carter-Bailey,34,Marketer,"Watford, Hertfordshire",Lemon & Blackcurrant Drizzle Steamed School Pudding,'From Across the Jelly Pond' Trifle Terrine
8,5,Yan,IN,6,Tsou,46,Laboratory research scientist,North London,Mango Fruit Hat Steamed School Pudding,'Heart of a Hero' Trifle Terrine
8,6,Julia,OUT,7,Chernogorova,21,Aviation Broker,"Crawley, West Sussex",'Pies from the Tree' Decorative Pies,'Special Occasion' Pie
8,6,Kate,IN,5,Lyon,29,Health and safety inspector,Merseyside,'Vegetarian Pie Faces' Decorative Pies,Potato Curry Pie with Mango & Chilli Glaze
8,6,Liam,STAR BAKER,4,Charles,19,Student,North London,'Standard FC' Decorative Pies,'Nan's Sunday Dinner' Pie
8,6,Sophie,IN,2,Faldo,33,Former army officer and trainee stuntwoman,"West Molesey, Surrey",'The Four Seasons' Decorative Pies,Game Pie with Glazed Forest Fruits
8,6,Stacey,IN,6,Hart,42,Former school teacher,"Radlett, Hertfordshire",'Love Theme' Decorative Pies,Indian Hand Raised Pie with Mango
8,6,Steven,IN,3,Carter-Bailey,34,Marketer,"Watford, Hertfordshire",'Fleetwood Mac' Decorative Pies,Christmas Pie
8,6,Yan,IN,1,Tsou,46,Laboratory research scientist,North London,'πr2' Decorative Pies,Chequerboard Pie
8,7,Kate,IN,6,Lyon,29,Health and safety inspector,Merseyside,'Happy Hour' Cocktail Cannoli,'Flavour Fusion' Sfogliatelle
8,7,Liam,IN,2,Charles,19,Student,North London,'Just Doing Me' Cannoli,'Morning Delivery' Sfogliatelle
8,7,Sophie,IN,3,Faldo,33,Former army officer and trainee stuntwoman,"West Molesey, Surrey",'Classics with a Twist' Cannoli,'Classics' Sfogliatelle
8,7,Stacey,IN,4,Hart,42,Former school teacher,"Radlett, Hertfordshire",My All Time Favourite Desserts,Pastry Surprise
8,7,Steven,STAR BAKER,1,Carter-Bailey,34,Marketer,"Watford, Hertfordshire",Italian Style Cannoli,'Sicilian-style' Sfogliatelle
8,7,Yan,OUT,5,Tsou,46,Laboratory research scientist,North London,Cannoli Cocktails,Canadian-Style Sfogliatelle
8,8,Kate,IN,2,Lyon,29,Health and safety inspector,Merseyside,Burrito Bedfordshire Clangers,'Liver Building Turret' Savoy Cake
8,8,Liam,OUT,5,Charles,19,Student,North London,'Take Out' Bedfordshire Clangers,'Fort Wizardore' Savoy Cake
8,8,Sophie,IN,4,Faldo,33,Former army officer and trainee stuntwoman,"West Molesey, Surrey",Char Siu & Banana Praline Bedfordshire Clangers,Citrus with Green Apple Croquembouche Savoy Cake
8,8,Stacey,STAR BAKER,3,Hart,42,Former school teacher,"Radlett, Hertfordshire",Camembert & Onion and Apple & Blueberry Bedfordshire Clangers,'Bright' Lemon & Orange Savoy Cake
8,8,Steven,IN,1,Carter-Bailey,34,Marketer,"Watford, Hertfordshire",'Mediterranean Medley' Bedfordshire Clangers,Chestnut Rum Savoy Cake
8,9,Kate,IN,4,Lyon,29,Health and safety inspector,Merseyside,Bellini and Valencian Orange Choux Buns,'Rainbow' Meringue Centrepiece
8,9,Sophie,STAR BAKER,1,Faldo,33,Former army officer and trainee stuntwoman,"West Molesey, Surrey",Strawberry & Rhubarb and Chestnut & Vanilla Choux Buns,'Tutu with Opera Filling' Meringue Centrepiece
8,9,Stacey,OUT,2,Hart,42,Former school teacher,"Radlett, Hertfordshire",'Choux-nicorn and Choux-moji' Choux Buns,'Flamingos in Love' Meringue Centrepiece
8,9,Steven,IN,3,Carter-Bailey,34,Marketer,"Watford, Hertfordshire",Key Lime Cheesecake and Bakewell Tart Choux Buns,'Some Air Over the Rainbow' Meringue Centrepiece
8,10,Kate,Runner-up,3,Lyon,29,Health and safety inspector,Merseyside,"Roman Spelt, Coconut Kala Chana and Flower Breads","White Chocolate, Yuzu and Lychee Entremet"
8,10,Sophie,WINNER,2,Faldo,33,Former army officer and trainee stuntwoman,"West Molesey, Surrey","Spelt Boules, Mushroom Ciabatta and Orange Plaited Brioche",'Ode to the Honey Bee' Entremet
8,10,Steven,Runner-up,1,Carter-Bailey,34,Marketer,"Watford, Hertfordshire","Spelt & Rye, Toasted Garlic & Fontina and Sweet Chocolate Breads",'Yin Yang' Entremet
9,1,Antony,IN,12,Amourdoux,30,Banker,London,NA,NA
9,1,Briony,IN,2,Williams,33,Full-time parent,Bristol,NA,NA
9,1,Dan,IN,4,Beasley-Harling,36,Full-time parent,London,NA,NA
9,1,Imelda,OUT,11,McCarron,33,Countryside recreation officer,County Tyrone,NA,NA
9,1,Jon,IN,5,Jenkins,47,Blood courier,Newport,NA,NA
9,1,Karen,IN,6,Wright,60,In-store sampling assistant,Wakefield,NA,NA
9,1,Kim-Joy,IN,10,Hewlett,27,Mental health specialist,Leeds,NA,NA
9,1,Luke,IN,8,Thompson,30,Civil servant/house and techno DJ,Sheffield,NA,NA
9,1,Manon,STAR BAKER,3,Lagrave,26,Software project manager,London,NA,NA
9,1,Rahul,IN,7,Mandal,30,Research scientist,Rotherham,NA,NA
9,1,Ruby,IN,1,Bhogal,29,Project manager,London,NA,NA
9,1,Terry,IN,9,Hartill,56,Retired air steward,West Midlands,NA,NA
9,2,Antony,IN,9,Amourdoux,30,Banker,London,NA,NA
9,2,Briony,IN,5,Williams,33,Full-time parent,Bristol,NA,NA
9,2,Dan,IN,3,Beasley-Harling,36,Full-time parent,London,NA,NA
9,2,Jon,IN,1,Jenkins,47,Blood courier,Newport,NA,NA
9,2,Karen,IN,11,Wright,60,In-store sampling assistant,Wakefield,NA,NA
9,2,Kim-Joy,IN,4,Hewlett,27,Mental health specialist,Leeds,NA,NA
9,2,Luke,OUT,7,Thompson,30,Civil servant/house and techno DJ,Sheffield,NA,NA
9,2,Manon,IN,6,Lagrave,26,Software project manager,London,NA,NA
9,2,Rahul,STAR BAKER,2,Mandal,30,Research scientist,Rotherham,NA,NA
9,2,Ruby,IN,10,Bhogal,29,Project manager,London,NA,NA
9,2,Terry,IN,8,Hartill,56,Retired air steward,West Midlands,NA,NA
9,3,Antony,OUT,8,Amourdoux,30,Banker,London,NA,NA
9,3,Briony,IN,9,Williams,33,Full-time parent,Bristol,NA,NA
9,3,Dan,IN,6,Beasley-Harling,36,Full-time parent,London,NA,NA
9,3,Jon,IN,2,Jenkins,47,Blood courier,Newport,NA,NA
9,3,Karen,IN,5,Wright,60,In-store sampling assistant,Wakefield,NA,NA
9,3,Kim-Joy,IN,10,Hewlett,27,Mental health specialist,Leeds,NA,NA
9,3,Manon,IN,3,Lagrave,26,Software project manager,London,NA,NA
9,3,Rahul,STAR BAKER,4,Mandal,30,Research scientist,Rotherham,NA,NA
9,3,Ruby,IN,7,Bhogal,29,Project manager,London,NA,NA
9,3,Terry,IN,1,Hartill,56,Retired air steward,West Midlands,NA,NA
9,4,Briony,IN,5,Williams,33,Full-time parent,Bristol,NA,NA
9,4,Dan,STAR BAKER,1,Beasley-Harling,36,Full-time parent,London,NA,NA
9,4,Jon,IN,3,Jenkins,47,Blood courier,Newport,NA,NA
9,4,Karen,IN,7,Wright,60,In-store sampling assistant,Wakefield,NA,NA
9,4,Kim-Joy,IN,6,Hewlett,27,Mental health specialist,Leeds,NA,NA
9,4,Manon,IN,8,Lagrave,26,Software project manager,London,NA,NA
9,4,Rahul,IN,4,Mandal,30,Research scientist,Rotherham,NA,NA
9,4,Ruby,IN,2,Bhogal,29,Project manager,London,NA,NA
9,4,Terry,[a],NA,Hartill,56,Retired air steward,West Midlands,NA,NA
9,5,Briony,IN,6,Williams,33,Full-time parent,Bristol,NA,NA
9,5,Dan,IN,2,Beasley-Harling,36,Full-time parent,London,NA,NA
9,5,Jon,IN,7,Jenkins,47,Blood courier,Newport,NA,NA
9,5,Karen,OUT,9,Wright,60,In-store sampling assistant,Wakefield,NA,NA
9,5,Kim-Joy,STAR BAKER,4,Hewlett,27,Mental health specialist,Leeds,NA,NA
9,5,Manon,IN,5,Lagrave,26,Software project manager,London,NA,NA
9,5,Rahul,IN,3,Mandal,30,Research scientist,Rotherham,NA,NA
9,5,Ruby,IN,1,Bhogal,29,Project manager,London,NA,NA
9,5,Terry,OUT,8,Hartill,56,Retired air steward,West Midlands,NA,NA
9,6,Briony,STAR BAKER,1,Williams,33,Full-time parent,Bristol,NA,NA
9,6,Dan,OUT,6,Beasley-Harling,36,Full-time parent,London,NA,NA
9,6,Jon,IN,2,Jenkins,47,Blood courier,Newport,NA,NA
9,6,Kim-Joy,IN,5,Hewlett,27,Mental health specialist,Leeds,NA,NA
9,6,Manon,IN,4,Lagrave,26,Software project manager,London,NA,NA
9,6,Rahul,IN,3,Mandal,30,Research scientist,Rotherham,NA,NA
9,6,Ruby,IN,7,Bhogal,29,Project manager,London,NA,NA
9,7,Briony,IN,5,Williams,33,Full-time parent,Bristol,NA,NA
9,7,Jon,OUT,4,Jenkins,47,Blood courier,Newport,NA,NA
9,7,Kim-Joy,STAR BAKER,6,Hewlett,27,Mental health specialist,Leeds,NA,NA
9,7,Manon,IN,2,Lagrave,26,Software project manager,London,NA,NA
9,7,Rahul,IN,1,Mandal,30,Research scientist,Rotherham,NA,NA
9,7,Ruby,IN,3,Bhogal,29,Project manager,London,NA,NA
9,8,Briony,IN,1,Williams,33,Full-time parent,Bristol,NA,NA
9,8,Kim-Joy,IN,2,Hewlett,27,Mental health specialist,Leeds,NA,NA
9,8,Manon,OUT,4,Lagrave,26,Software project manager,London,NA,NA
9,8,Rahul,IN,5,Mandal,30,Research scientist,Rotherham,NA,NA
9,8,Ruby,STAR BAKER,3,Bhogal,29,Project manager,London,NA,NA
9,9,Briony,OUT,3,Williams,33,Full-time parent,Bristol,NA,NA
9,9,Kim-Joy,IN,2,Hewlett,27,Mental health specialist,Leeds,NA,NA
9,9,Rahul,IN,4,Mandal,30,Research scientist,Rotherham,NA,NA
9,9,Ruby,STAR BAKER,1,Bhogal,29,Project manager,London,NA,NA
9,10,Kim-Joy,Runner-up,1,Hewlett,27,Mental health specialist,Leeds,NA,NA
9,10,Rahul,WINNER,2,Mandal,30,Research scientist,Rotherham,NA,NA
9,10,Ruby,Runner-up,3,Bhogal,29,Project manager,London,NA,NA
10,1,Alice,IN,5,Fevronia,28,Geography teacher,Essex,NA,NA
10,1,Amelia,IN,4,LeBruin,24,Fashion designer,Halifax,NA,NA
10,1,Dan,OUT,9,Chambers,32,Support worker,Rotherham,NA,NA
10,1,David,IN,10,Atherton,36,International health adviser,Whitby,NA,NA
10,1,Helena,IN,12,Garcia,40,Online project manager,Leeds,NA,NA
10,1,Henry,IN,1,Bird,20,Student,Durham,NA,NA
10,1,Jamie,IN,13,Finn,20,Part-time waiter,Surrey,NA,NA
10,1,Michael,IN,11,Chakraverty,26,Theatre manager/fitness instructor,Stratford-upon-Avon,NA,NA
10,1,Michelle,STAR BAKER,6,Evans-Fecci,35,Print shop administrator,"Tenby, Wales",NA,NA
10,1,Phil,IN,8,Thorne,56,HGV driver,Rainham,NA,NA
10,1,Priya,IN,7,O'Shea,34,Marketing consultant,Leicester,NA,NA
10,1,Rosie,IN,2,Brandreth-Poynter,28,Veterinary surgeon,Somerset,NA,NA
10,1,Steph,IN,3,Blackwell,28,Shop assistant,Chester,NA,NA
10,2,Alice,STAR BAKER,1,Fevronia,28,Geography teacher,Essex,NA,NA
10,2,Amelia,IN,9,LeBruin,24,Fashion designer,Halifax,NA,NA
10,2,David,IN,2,Atherton,36,International health adviser,Whitby,NA,NA
10,2,Helena,IN,12,Garcia,40,Online project manager,Leeds,NA,NA
10,2,Henry,IN,6,Bird,20,Student,Durham,NA,NA
10,2,Jamie,OUT,11,Finn,20,Part-time waiter,Surrey,NA,NA
10,2,Michael,IN,4,Chakraverty,26,Theatre manager/fitness instructor,Stratford-upon-Avon,NA,NA
10,2,Michelle,IN,8,Evans-Fecci,35,Print shop administrator,"Tenby, Wales",NA,NA
10,2,Phil,IN,3,Thorne,56,HGV driver,Rainham,NA,NA
10,2,Priya,IN,7,O'Shea,34,Marketing consultant,Leicester,NA,NA
10,2,Rosie,IN,5,Brandreth-Poynter,28,Veterinary surgeon,Somerset,NA,NA
10,2,Steph,IN,10,Blackwell,28,Shop assistant,Chester,NA,NA
10,3,Alice,IN,7,Fevronia,28,Geography teacher,Essex,NA,NA
10,3,Amelia,OUT,11,LeBruin,24,Fashion designer,Halifax,NA,NA
10,3,David,IN,2,Atherton,36,International health adviser,Whitby,NA,NA
10,3,Helena,IN,8,Garcia,40,Online project manager,Leeds,NA,NA
10,3,Henry,IN,1,Bird,20,Student,Durham,NA,NA
10,3,Michael,STAR BAKER,6,Chakraverty,26,Theatre manager/fitness instructor,Stratford-upon-Avon,NA,NA
10,3,Michelle,IN,5,Evans-Fecci,35,Print shop administrator,"Tenby, Wales",NA,NA
10,3,Phil,IN,10,Thorne,56,HGV driver,Rainham,NA,NA
10,3,Priya,IN,4,O'Shea,34,Marketing consultant,Leicester,NA,NA
10,3,Rosie,IN,9,Brandreth-Poynter,28,Veterinary surgeon,Somerset,NA,NA
10,3,Steph,IN,3,Blackwell,28,Shop assistant,Chester,NA,NA
10,4,Alice,IN,8,Fevronia,28,Geography teacher,Essex,NA,NA
10,4,David,IN,2,Atherton,36,International health adviser,Whitby,NA,NA
10,4,Helena,IN,9,Garcia,40,Online project manager,Leeds,NA,NA
10,4,Henry,IN,3,Bird,20,Student,Durham,NA,NA
10,4,Michael,IN,7,Chakraverty,26,Theatre manager/fitness instructor,Stratford-upon-Avon,NA,NA
10,4,Michelle,IN,5,Evans-Fecci,35,Print shop administrator,"Tenby, Wales",NA,NA
10,4,Phil,OUT,6,Thorne,56,HGV driver,Rainham,NA,NA
10,4,Priya,IN,10,O'Shea,34,Marketing consultant,Leicester,NA,NA
10,4,Rosie,IN,4,Brandreth-Poynter,28,Veterinary surgeon,Somerset,NA,NA
10,4,Steph,STAR BAKER,1,Blackwell,28,Shop assistant,Chester,NA,NA
10,5,Alice,IN,6,Fevronia,28,Geography teacher,Essex,NA,NA
10,5,David,IN,9,Atherton,36,International health adviser,Whitby,NA,NA
10,5,Helena,OUT,1,Garcia,40,Online project manager,Leeds,NA,NA
10,5,Henry,IN,3,Bird,20,Student,Durham,NA,NA
10,5,Michael,IN,8,Chakraverty,26,Theatre manager/fitness instructor,Stratford-upon-Avon,NA,NA
10,5,Michelle,OUT,7,Evans-Fecci,35,Print shop administrator,"Tenby, Wales",NA,NA
10,5,Priya,IN,2,O'Shea,34,Marketing consultant,Leicester,NA,NA
10,5,Rosie,IN,5,Brandreth-Poynter,28,Veterinary surgeon,Somerset,NA,NA
10,5,Steph,STAR BAKER,4,Blackwell,28,Shop assistant,Chester,NA,NA
10,6,Alice,IN,1,Fevronia,28,Geography teacher,Essex,NA,NA
10,6,David,IN,2,Atherton,36,International health adviser,Whitby,NA,NA
10,6,Henry,IN,4,Bird,20,Student,Durham,NA,NA
10,6,Michael,IN,6,Chakraverty,26,Theatre manager/fitness instructor,Stratford-upon-Avon,NA,NA
10,6,Priya,OUT,7,O'Shea,34,Marketing consultant,Leicester,NA,NA
10,6,Rosie,IN,5,Brandreth-Poynter,28,Veterinary surgeon,Somerset,NA,NA
10,6,Steph,STAR BAKER,3,Blackwell,28,Shop assistant,Chester,NA,NA
10,7,Alice,IN,6,Fevronia,28,Geography teacher,Essex,NA,NA
10,7,David,IN,2,Atherton,36,International health adviser,Whitby,NA,NA
10,7,Henry,STAR BAKER,3,Bird,20,Student,Durham,NA,NA
10,7,Michael,OUT,5,Chakraverty,26,Theatre manager/fitness instructor,Stratford-upon-Avon,NA,NA
10,7,Rosie,IN,1,Brandreth-Poynter,28,Veterinary surgeon,Somerset,NA,NA
10,7,Steph,IN,4,Blackwell,28,Shop assistant,Chester,NA,NA
10,8,Alice,IN,3,Fevronia,28,Geography teacher,Essex,NA,NA
10,8,David,IN,1,Atherton,36,International health adviser,Whitby,NA,NA
10,8,Henry,OUT,5,Bird,20,Student,Durham,NA,NA
10,8,Rosie,IN,2,Brandreth-Poynter,28,Veterinary surgeon,Somerset,NA,NA
10,8,Steph,STAR BAKER,4,Blackwell,28,Shop assistant,Chester,NA,NA
10,9,Alice,STAR BAKER,4,Fevronia,28,Geography teacher,Essex,NA,NA
10,9,David,IN,2,Atherton,36,International health adviser,Whitby,NA,NA
10,9,Rosie,OUT,1,Brandreth-Poynter,28,Veterinary surgeon,Somerset,NA,NA
10,9,Steph,IN,3,Blackwell,28,Shop assistant,Chester,NA,NA
10,10,Alice,Runner-up,2,Fevronia,28,Geography teacher,Essex,NA,NA
10,10,David,WINNER,1,Atherton,36,International health adviser,Whitby,NA,NA
10,10,Steph,Runner-up,3,Blackwell,28,Shop assistant,Chester,NA,NA
